,trailingEps,forwardEps,enterpriseToRevenue,ebitda,returnOnAssets,returnOnEquity,debtToEquity,heldPercentInstitutions,priceToBook,enterpriseValue,marketCap,operatingCashflow,averageVolume,trailingPE,forwardPE,HistoricalReturn,HistoricalReturnRisk,PricePerShare
3PL.AX,-0.054,0.04,3.553,4308000.0,0.0030899998,-0.0029,1.114,0.32034,1.932953,345607040.0,374635840.0,12764000.0,6072.0,,,0.03990415293285687,0.3619571280064037,
A2B.AX,-0.157,,1.1,-21611000.0,-0.10844,-0.2794,30.194,0.56249,1.5236052,138773296.0,129111024.0,-6244000.0,38848.0,,,0.07552610403486429,0.238921088834684,1.065000057220459
ABP.AX,0.61,0.19,10.762,221550000.0,0.02885,0.16153999,48.82,0.12156,0.6984451,3951218688.0,2448622848.0,158263008.0,1118664.0,4.49180329432253,14.421052681772332,0.22013725682724863,0.24686216922280846,2.740000009536743
AX1.AX,0.06,0.14,1.279,104494464.0,0.034140002,0.072399996,136.368,0.11807,2.0073893,1444672128.0,883243200.0,140346000.0,678404.0,27.16666658719381,11.642857108797346,0.43872785722162894,0.6231719901191932,1.6299999952316284
ADH.AX,0.26,0.32,1.179,79112000.0,0.08604,0.24764,155.236,0.1442,1.904762,665784000.0,376895200.0,61168000.0,505771.0,8.461538644937368,6.875000149011612,0.25093511147680375,0.34770909854337895,2.200000047683716
ABC.AX,0.16,0.16,1.086,177500000.0,0.02576,0.085880004,55.608,0.16805,0.89639413,1769100032.0,1158662400.0,186400000.0,1994735.0,11.031249910593033,11.031249910593033,0.06601847588629926,0.222812370358754,1.7649999856948853
AML.AX,,0.0,,-3025000.0,-0.0234,-0.05389,40.209,0.49041998,0.47826087,56065960.0,36181200.0,-3117000.0,824126.0,,inf,0.45096143721646753,1.8866682573977958,0.032999999821186066
APT.AX,,,,,,,,,,,,,,,,,,
AGL.AX,1.31,0.96,0.591,2136000000.0,0.05836,0.14189,44.177,0.24165002,0.8094157,7812968960.0,5274336768.0,1227000064.0,2510815.0,5.984732940906786,8.166666825612387,0.057542295276096084,0.2693584782079718,7.840000152587891
AGI.AX,0.03,0.08,1.242,26672000.0,0.01833,0.039219998,4.494,0.16149999,1.0551949,273524416.0,328374144.0,51336000.0,37431.0,32.5000007947286,12.187500298023224,0.12063184344360324,0.6520521714123863,0.9750000238418579
AJL.AX,-0.009,,1.214,16818000.0,0.03284,-0.13227999,143.359,0.56689,0.44736847,153192608.0,40673864.0,12564000.0,5058048.0,,,-0.12040681658809604,0.49042885525360475,0.03400000184774399
AQG.AX,,,,,,,,,,,,,,,,,,
AQZ.AX,0.232,0.36,1.977,59196000.0,0.01437,-0.016490001,70.027,0.13075,1.5933782,733855552.0,495063808.0,52454000.0,72291.0,13.275861740112305,8.55555534362793,0.2731471317160849,0.5435467678699919,3.0799999237060547
ALQ.AX,0.129,0.68,3.117,443800000.0,0.083629996,0.17471,109.454,0.33526,5.6646595,6571392000.0,5915785216.0,342000000.0,1040687.0,94.806198001832,17.98529344446519,0.15272534635800378,0.3032289252146149,12.229999542236328
ALU.AX,0.271,0.61,19.443,73530000.0,0.11146,0.20909001,3.439,0.41701,25.65522,4293260288.0,4819413504.0,72491000.0,416277.0,135.092253174729,60.01639444319928,0.5696565475948396,0.27646479864984946,36.61000061035156
AJM.AX,,,,,,,,,,,,,,,,,,
AWC.AX,0.066,0.18,40001.906,,-0.0044299997,0.16127001,0.085,0.46624002,2.5585284,4000190720.0,4438055424.0,282400000.0,11671828.0,23.181817748329856,8.499999841054281,0.23464048489335837,0.31666279479834436,1.5299999713897705
AMA.AX,-0.073,0.02,0.84,-24817000.0,-0.03503,-0.62888,226.283,0.46978,0.5314534,709882368.0,248229120.0,-28231000.0,2049111.0,-3.3561644488818025,12.250000238418579,0.16382821552804883,0.5442442734726279,0.24500000476837158
AYS.AX,,,,,,,,,,,,,,,,,,
AMC.AX,0.713,0.7,2.243,2059000064.0,0.053340003,0.18188,172.736,0.22553,5.877511,32623415296.0,27367086080.0,1526000000.0,2023643.0,25.035063648625144,25.500000544956755,0.19343143688015904,0.19282507953882727,17.850000381469727
AMP.AX,0.051,0.27,9.36,78000000.0,0.00096000003,-0.058730002,618.087,0.28278,1.0409968,29120135168.0,4229612288.0,3572999936.0,12612607.0,25.392156021267763,4.796296137350576,-0.028810427415950097,0.24891948034708017,1.2949999570846558
AGG.AX,2.922,2.98,0.636,1360999936.0,0.06902,0.14407,51.931,0.0,0.5709128,2681651456.0,10558853120.0,1792999936.0,13689.0,1.7316906032784192,1.6979865579797118,0.16808479650802974,0.5747388656811134,5.059999942779541
ANN.AX,1.971,1.99,1.954,292600000.0,0.060450003,0.1024,31.209,0.53896,2.4027934,3813653504.0,3507857664.0,222000000.0,447933.0,14.140030867190967,14.005025547353467,0.14745934742978797,0.1739284730429427,27.8700008392334
APE.AX,0.573,0.55,0.598,475711008.0,0.07337,0.28886998,184.423,0.16458,3.4301832,4895133184.0,3124305152.0,331056992.0,447945.0,21.221640222359703,22.10909063165838,0.27449243423560665,0.46488403663433037,12.15999984741211
APA.AX,0.11,0.3,7.985,1632267008.0,0.03787,0.093100004,436.072,0.47584,3.9935296,21819281408.0,39325843456.0,1197267968.0,2025335.0,100.99999687888406,37.033332188924156,0.20321570311703815,0.15164404259955497,11.109999656677246
AQR.AX,,,,,,,,,,,,,,,,,,
ADI.AX,,,,,,,,,,,,,,,,,,
APD.AX,,,,,,,,,,,,,,,,,,
ATL.AX,-0.43,0.05,1.467,12316000.0,0.0072000003,-0.12765001,703.092,0.1188,4.0392156,390046656.0,191735536.0,30578000.0,314216.0,-2.395348770673885,20.59999942779541,0.04539316961319862,0.6009994616900622,1.0299999713897705
APX.AX,0.408,0.47,0.679,51993000.0,0.0298,0.033350002,3.548,0.2627,0.6547469,294550464.0,319994976.0,44920000.0,910293.0,6.372548785864138,5.531914690707593,0.8391887767549422,0.9583126562858316,2.5999999046325684
ARB.AX,1.075,1.42,3.264,182206000.0,0.15378,0.23437001,6.849,0.38205,5.2781954,2275652096.0,2293450752.0,84612000.0,278851.0,26.12093016158703,19.774647833595814,0.2559818762899621,0.31996792574190036,28.079999923706055
ALG.AX,-0.412,0.03,5.408,14640000.0,-0.019170001,-0.52685,71.793,0.49502,1.7801857,267481952.0,275830944.0,167836000.0,1671192.0,-1.3956310390268716,19.166666269302368,0.13474164371450426,0.4290087762656366,0.574999988079071
ARF.AX,0.295,0.18,21.298,,0.03519,0.32647,27.649,0.39331,2.0285423,1756673920.0,5501952000.0,58096000.0,664560.0,13.491525488384701,22.111111217074924,0.35072029496243007,0.22115721065237287,3.9800000190734863
AGY.AX,-0.003,,6666.377,-1723881.0,-0.01615,0.06935,0.036,0.014359999,32.0,730154944.0,810579200.0,-2333391.0,8669601.0,,,1.9040951652886364,3.721817867725088,0.6399999856948853
ALL.AX,2.16,1.93,4.605,1581500032.0,0.09887,0.22838,51.709,0.37574002,7.1709075,24187662336.0,23965806592.0,1477100032.0,1536410.0,16.569444868299694,18.544041925143702,0.39773457387907485,0.28426519037248005,35.790000915527344
ARQ.AX,,,,,,,,,,,,,,,,,,
AHY.AX,,,,,,,,,,,,,,,,,,
ASX.AX,2.532,2.67,6.696,758899968.0,0.026700001,0.13485,1.776,0.47491002,3.70935,7249998336.0,13801388032.0,203400000.0,576773.0,28.1556085764326,26.70037487472934,0.217635997233184,0.13453515386807163,71.29000091552734
ALX.AX,-0.017,0.38,66.164,43124000.0,-0.0025499999,0.069460005,48.438,0.3802,1.8164794,7401390592.0,6511732224.0,57394000.0,5340719.0,-399.41176246194277,17.868420952244808,0.2455369078909734,0.2358137937114074,6.789999961853027
AUB.AX,0.738,1.04,4.817,102402000.0,0.040700004,0.12517,7.492,0.48414,3.9393418,1794764288.0,1702135168.0,95535000.0,306966.0,30.975610583132198,21.980769817645733,0.23285264035372316,0.25791298162757115,22.860000610351562
AIA.AX,0.05,0.12,38.9,151100000.0,0.00238,0.023829998,18.319,0.1884,1.6210852,11335495680.0,10823976960.0,101200000.0,720118.0,146.99999809265137,61.24999920527141,0.18776027078682264,0.20585937221772282,7.349999904632568
AD8.AX,-0.079,0.0,13.221,-3627000.0,-0.02678,-0.05783,2.613,0.18410999,7.734597,612024832.0,627880960.0,981000.0,120295.0,-103.29113730901405,inf,0.48090187123924144,0.4921866434890016,8.15999984741211
AKP.AX,-0.425,,2682.936,-5932451.0,-0.85941005,-3.5174398,,0.0,69.65174,342090464.0,401781792.0,-4855190.0,4546.0,,,0.2601578805226933,0.630213406884135,14.0
AMI.AX,0.037,0.07,0.239,127135000.0,-0.12902,-0.21547002,13.501,0.3805,0.34375,104872208.0,136076592.0,154092992.0,8234281.0,2.9729729568636096,1.571428562913622,0.31252127798282975,0.8449700790526024,0.10999999940395355
AZJ.AX,0.281,0.28,3.231,1425299968.0,0.05629,0.11811,80.323,0.45194998,1.669675,9937826816.0,6810590208.0,1320099968.0,5608171.0,13.167259956169806,13.214285884584697,0.1217237946191255,0.18238628941507334,3.700000047683716
AC8.AX,-0.026,,5.841,-3107987.0,-0.09635,-0.79710996,0.22,0.16429001,0.42105263,11903116.0,17621880.0,-2831014.0,24604.0,,,6.757894543009481,20.865668620304703,
AST.AX,,,,,,,,,,,,,,,,,,
ASB.AX,0.279,0.18,0.609,148540992.0,0.04502,0.0937,25.33,0.37647,1.2300798,870675840.0,893789248.0,37499000.0,713073.0,8.853046697527704,13.722222381167942,0.18600972354504305,0.45398758885067775,2.4700000286102295
ANZ.AX,1.18,2.27,0.017,,0.0069199996,0.10976,,0.25869,1.141337,325865088.0,69545959424.0,-28703000576.0,6792698.0,20.906779725672838,10.867841443301298,0.14241074242296659,0.1683941265230627,24.670000076293945
AAC.AX,0.073,0.11,5.297,-168716000.0,-0.0627,0.11377,29.7,0.07083,1.1360677,1462310144.0,1051828352.0,24248000.0,444869.0,23.904109654361257,15.863636406985195,0.03593557495728214,0.19399486462189178,1.7450000047683716
AEF.AX,0.09,,7.024,16847000.0,0.25147,0.38944,3.381,0.09696,23.802084,497171072.0,513608608.0,16162000.0,144141.0,,,-0.5598855810945925,2.282675527728536,4.570000171661377
AFG.AX,0.179,0.24,5.778,,0.00715,0.19447,2421.727,0.19067,2.5949366,5360955392.0,496543008.0,51903000.0,384752.0,10.307262729666087,7.6875001192092896,0.3175071075180856,0.4699320668937176,1.8450000286102295
AUZ.AX,-0.001,,,-5600000.0,-0.0911,-0.14965999,0.442,0.00452,6.9,27122114.0,29694564.0,-3845000.0,561857.0,,,1.4042597368673766,4.788273070258458,
API.AX,,,,,,,,,,,,,,,,,,
AOF.AX,0.063,0.12,7.908,,0.031600002,-0.11847,45.65,0.47267,0.5280289,384132064.0,239999200.0,29242000.0,55986.0,23.174603780110676,12.166666984558105,0.154392840886871,0.17634738367637123,1.4600000381469727
AVG.AX,0.065,0.09,1.104,32989000.0,0.03233,0.05659,41.813,0.35123003,0.599268,287046016.0,165477888.0,15351000.0,48997.0,10.0769226367657,7.277777459886339,0.15735358137021624,0.22355809477200062,0.6549999713897705
ATS.AX,-0.165,,2.019,3335000.0,0.0047400002,0.00597,23.54,0.22271,0.6166667,50763908.0,45823020.0,4321000.0,852002.0,,,-0.1565754396538064,0.3434589588662883,0.03700000047683716
ABA.AX,0.488,0.42,4.789,,0.00603,0.097040005,,0.07119,0.95083654,455626240.0,241271792.0,-224983008.0,33595.0,11.413934777994625,13.261905170622327,0.12964431611465393,0.11073458006908425,5.570000171661377
ASG.AX,-0.181,0.24,0.482,113389000.0,0.05098,0.12524,128.844,0.21836,1.0153061,904265024.0,399990016.0,135034000.0,73488.0,-10.994475190810736,8.291666706403097,0.1151634250053219,0.4308318496880341,1.9900000095367432
AVN.AX,,,,,,,,,,,,,,,,,,
AVH.AX,-0.528,0.0,4.378,-33299000.0,,,1.391,0.0691,3.811252,108206624.0,261714592.0,-11343000.0,226909.0,-3.9772725466525913,inf,0.6057341965142303,2.283347009687149,2.0999999046325684
AVJ.AX,0.014,0.09,1.211,15508000.0,0.0141199995,0.03201,28.283,0.01809,0.41709054,269769440.0,166252944.0,33108000.0,56525.0,29.285714030265808,4.555555515819126,0.22581571124491376,0.2618314995920432,0.4099999964237213
AVZ.AX,-0.002,,,-21682588.0,-0.09257,-0.13758,0.654,0.07002,26.896551,2708458496.0,2684463360.0,-8093594.0,0.0,,,2.2988235464192317,4.998930269792761,
BBN.AX,0.09,0.27,1.067,40948000.0,0.06782,0.17682,147.469,0.39418,3.5182676,541068544.0,344302400.0,52365000.0,463783.0,28.88888782925076,9.62962927641692,0.26728903864297426,0.2951124339101586,2.5999999046325684
BOQ.AX,0.353,0.72,13.777,,0.00445,0.066139996,,0.20502001,0.7561126,22841683968.0,4708641280.0,-6358000128.0,2451690.0,20.849858735168286,10.222222407658895,0.15581267147467387,0.27951208290503377,7.360000133514404
BAP.AX,0.315,0.42,1.48,221338000.0,0.06553,0.117589995,54.906,0.56036997,2.278354,2726927360.0,2311402496.0,104823000.0,873030.0,21.61904743739537,16.21428557804653,0.2608940973620878,0.32456960248106254,6.809999942779541
BSE.AX,0.027,0.06,0.857,160796992.0,0.18648,0.24706,,0.75802004,0.7773852,239102096.0,259162192.0,78284000.0,1423969.0,8.14814810399656,3.666666646798452,0.43410813358798245,1.1472987250443405,0.2199999988079071
BRL.AX,-0.319,0.23,4.298,-5572000.0,-0.025050001,0.18937,0.397,0.27275,1.9497607,170140608.0,139325872.0,8029000.0,60695.0,-2.554858926695342,3.54347825050354,0.3845648431844916,1.5830750828711575,0.8149999976158142
BPT.AX,0.154,0.19,1.977,1078800000.0,0.09189,0.15112,3.398,0.1824,1.3328137,3501464320.0,3901074176.0,1223200000.0,8075701.0,11.10389635160372,9.00000020077354,0.1086338572235261,0.47697270704677225,1.7100000381469727
BLX.AX,0.143,0.12,1.738,68767000.0,0.12973,0.33066002,107.37,0.060289998,4.352442,530227200.0,457808032.0,52409000.0,76510.0,14.335664002211779,17.083332935969036,0.2625880750714571,0.38403025751277237,2.049999952316284
BGA.AX,0.156,0.29,0.457,147200000.0,0.021300001,0.01914,33.492,0.527,0.8240809,1375701120.0,1011969856.0,158200000.0,803059.0,21.41025586005969,11.517241083342455,0.24338026633769116,0.5349951778260795,3.3399999141693115
BFG.AX,0.146,,-0.893,,0.02592,0.16078,38.215,0.00954,1.375,-238031104.0,317536576.0,165578000.0,143305.0,,,0.373375582525574,0.3152713528305188,0.9900000095367432
BGL.AX,-0.011,0.01,1944.849,-15423000.0,-0.03462,-0.06222,0.288,0.57131,3.4280303,688476480.0,950195648.0,-11261000.0,1753936.0,-82.27272467179732,90.49999713897705,1.1785845268996233,3.3726904197362235,0.9049999713897705
BEN.AX,0.477,0.76,8.485,,0.00537,0.07472,,0.22356,0.78501886,14412085248.0,5019276288.0,-11616700416.0,1961962.0,18.763102325503432,11.77631553850676,0.16698031189632648,0.17599436690616677,8.949999809265137
BHP.AX,1.772,3.97,3.122,37647998976.0,0.20175,0.42924,37.428,0.31857002,4.4945216,204239798272.0,220109225984.0,32174000128.0,11090174.0,24.537245791329756,10.952140942628798,0.17086005482725325,0.219036408411248,43.47999954223633
BIN.AX,,,,,,,,,,,,,,,,,,
BKL.AX,1.018,2.9,1.897,72931000.0,0.06206,0.0979,6.177,0.3027,3.67479,1235089152.0,1365035392.0,48243000.0,30575.0,69.17485085358085,24.282757989291486,0.5908691424419232,1.7809695893406432,70.41999816894531
BSL.AX,0.475,2.96,0.417,4197400064.0,0.15787,0.32028,12.592,0.3522,1.2882361,7930510848.0,8299272704.0,2472000000.0,1752298.0,35.64210590563322,5.719594697694521,0.3020561289735226,0.44537799916458526,16.93000030517578
BLD.AX,-0.912,0.19,1.15,294800000.0,0.00799,-0.00545,83.452,0.1065,0.8205269,3399584256.0,3298239232.0,260800000.0,2167705.0,-3.27850878238678,15.736842155456543,0.1397844426214278,0.20582415105041144,2.990000009536743
BXB.AX,0.396,0.59,3.146,1700700032.0,0.09317,0.22278,117.315,0.46799,6.04868,18353467392.0,16756127744.0,1585799936.0,4375626.0,29.494950265595406,19.796610686738614,0.1208324428866897,0.16342414018647966,11.680000305175781
BVS.AX,0.118,0.16,1.078,49274000.0,0.04536,0.090050004,9.132,0.59857,0.6234915,287383424.0,192474352.0,42082000.0,2178385.0,6.5677964081198486,4.843749850988388,0.2769132289125426,0.5963872971263191,0.7749999761581421
BRG.AX,0.599,0.88,1.979,166084000.0,0.1001,0.18863001,36.158,0.48654,5.6205626,2807652608.0,2757934592.0,-42153000.0,438864.0,33.038398857307754,22.488637404008344,0.28277357150997895,0.2924889833744988,19.790000915527344
BKW.AX,2.072,1.37,3.986,93325000.0,0.0063899998,0.30306,34.922,0.52903,1.333967,4357114368.0,3194884608.0,130486000.0,215892.0,10.159266041052387,15.364962946759523,0.1605636605896251,0.17130347906246335,21.049999237060547
BUB.AX,-0.023,-0.01,3.571,-8387086.0,-0.0591,-0.12986,5.576,0.03474,1.4372469,318893888.0,217535472.0,-9373837.0,2350279.0,-15.434782142224519,-35.499998927116394,0.5658963835653886,1.6275536337066305,0.35499998927116394
BWP.AX,0.341,0.19,19.367,,0.02819,0.21145001,18.324,0.27979,1.265625,2968316416.0,2601655296.0,111036000.0,973574.0,11.876833403914555,21.31579047755191,0.19707498351158798,0.11520387183178113,4.050000190734863
BWX.AX,0.157,0.21,0.782,27731000.0,0.023699999,0.03402,24.526,0.40826,0.2607616,166448528.0,101359440.0,18444000.0,39263.0,,,0.3899262051817684,0.8207857217310908,
BYE.AX,0.0,-0.01,3.054,39018636.0,0.113929994,0.23792,21.107,0.00046,1.7567567,162282240.0,135238992.0,36612408.0,535777.0,inf,-12.999999523162842,0.0803742316061082,0.7106082426979586,0.12999999523162842
CAN.AX,-0.108,0.3,11.218,-19791000.0,-0.12553,-0.29945,55.552,0.00032000002,0.61518323,126062696.0,81980696.0,-20433000.0,325091.0,-2.175925920406977,0.7833333313465118,0.3511771292986026,1.6665799495335318,0.23499999940395355
CAJ.AX,0.004,0.02,2.241,30843000.0,0.04553,0.0731,52.716,0.49725,2.1985815,412679776.0,323088224.0,32860000.0,856482.0,77.50000059604645,15.50000011920929,0.5015406064753996,0.9891043540203008,0.3100000023841858
CDV.AX,,,,,,,,,,,,,,,,,,
CDD.AX,0.036,0.1,-2.691,-336000.0,-0.00656,-0.19962999,0.03,0.66625,0.6801737,-28614096.0,18358012.0,-21725000.0,41764.0,13.055555522441866,4.699999988079071,0.2101518137516561,1.0176667234265147,0.4699999988079071
CDP.AX,-1.536,0.36,10.556,,0.02574,0.13397,48.053,0.68738997,0.6757819,560159424.0,318707840.0,28091000.0,16642.0,-2.79947929084301,11.94444497426351,0.10065239252089808,0.13991485483737398,4.300000190734863
CAR.AX,0.57,0.88,16.047,237378000.0,0.092259996,0.16525999,70.472,0.39188,5.98434,8169289728.0,7518440448.0,203643008.0,1021181.0,37.543858979877676,24.318181384693492,0.21113358567568685,0.2493011621891293,21.399999618530273
CCV.AX,0.02,0.03,0.96,,0.02339,0.0353,42.233,0.22508,0.4803922,221099200.0,153748528.0,7909000.0,152633.0,12.250000238418579,8.166666825612387,-0.04257521954270572,0.24208665063759538,0.24500000476837158
CAT.AX,-0.049,0.03,2.182,-25838000.0,-0.14574,-0.34515998,2.625,0.20459999,2.0971565,168034608.0,205253616.0,2673000.0,105335.0,-18.061224295168508,29.499999682108562,0.34420800093730985,0.8438743251145558,0.8849999904632568
CCX.AX,0.057,0.2,0.939,41299000.0,0.06963,0.11323,22.446,0.49098998,1.7600001,347284960.0,306134400.0,-51894000.0,1902874.0,23.157895657054166,6.600000262260437,0.79188502552054,1.8962737476059792,1.3200000524520874
CCL.AX,,,,,,,,,,,,,,,,,,
CDA.AX,0.413,0.66,1.494,143350000.0,0.15776,0.29939,22.351,0.09742,2.722372,756033152.0,,51721000.0,860492.0,9.782082232089655,6.121212063413678,0.4200690910380128,0.8599823101350638,4.039999961853027
CBA.AX,4.501,5.17,9.841,,0.00838,0.12767,,0.26625,2.54041,250274594816.0,183436918784.0,-56498999296.0,2482076.0,23.8835814263497,20.79303675048356,0.17216796192992737,0.12557220334688485,107.5
CCP.AX,0.286,1.62,3.748,,0.11472,0.14309,21.328,0.41446,2.1068218,1400112256.0,1351219456.0,-100296000.0,222639.0,69.6503499171117,12.296296343391324,0.2587625439686567,0.32736423769185413,19.920000076293945
A2M.AX,0.402,0.21,2.252,190976000.0,0.07182,0.10074,10.415,0.2228,3.867334,3251499008.0,4595800064.0,203800000.0,3696848.0,15.373133901339857,29.4285706111363,0.7362082931183394,1.2595092828016552,6.179999828338623
CEN.AX,0.186,,2.539,487200000.0,0.03288,0.06312,38.697,0.25799,1.9203414,6059793408.0,5259086848.0,400000000.0,9231.0,,,0.19294030992645594,0.16293064490934775,6.75
CGC.AX,0.152,0.22,1.591,177806000.0,0.03416,0.07162,122.426,0.37486,1.8720218,2095042816.0,1277042304.0,148779008.0,1613612.0,18.092105263157894,12.5,0.23159132944696614,0.5333578834928386,2.75
CGF.AX,-0.651,0.46,-9.175,-348700000.0,-0.0074199997,0.06493,154.813,0.27857,1.3681593,-4618787840.0,4848887296.0,2486799872.0,1438827.0,-10.98310306508054,15.543478468190068,0.2016735265721412,0.34622087604578167,7.150000095367432
CGL.AX,,,,,,,,,,,,,,,,,,
CHC.AX,0.444,0.91,3.237,1131299968.0,0.18747,0.31961,15.816,0.52157,2.9303634,5394607616.0,18933821440.0,603800000.0,1452120.0,30.518018447601044,14.890110099708641,0.3384445021175914,0.15410130007510534,13.550000190734863
CIA.AX,0.721,0.74,2.552,482948000.0,0.13332,0.22249001,45.93,0.37379003,5.666356,2971820032.0,3079471360.0,163744992.0,2275010.0,8.432732210410617,8.21621611311629,0.6099427556047933,0.8894773422088742,6.079999923706055
CII.AX,0.031,,0.263,12840000.0,0.01348,0.042969998,29.817,0.00438,0.7202134,141906064.0,140430912.0,-60771000.0,4360.0,,,0.1987443275489139,0.3719617157324242,
CIM.AX,,,,,,,,,,,,,,,,,,
CIP.AX,0.335,0.19,15.94,,0.02296,0.15275,51.47,0.51148,0.7365439,3308147456.0,1980984704.0,111929000.0,1334475.0,9.313432494206214,16.421052029258327,0.26519908388110836,0.18966179083871523,3.119999885559082
CKF.AX,0.47,0.56,1.547,156576992.0,0.05748,0.14495,190.173,0.29525,2.9952552,1832003968.0,1183659392.0,156334000.0,262684.0,21.48936251376538,18.035714966910223,0.3994648186953962,0.3837932721784536,10.100000381469727
CL1.AX,,,,,,,,,,,,,,,,,,
CLH.AX,-0.76,0.16,1.629,-17382000.0,-0.105399996,-4.70894,,0.019550001,0.15525115,88656232.0,9623837.0,2352000.0,0.0,,,-0.005797165969834625,0.4696910786230644,
CLQ.AX,,,,,,,,,,,,,,,,,,
CLV.AX,0.062,0.07,2.807,11679000.0,0.08206,0.117460005,19.159,0.2981,3.6458335,198365392.0,203887792.0,6582000.0,86788.0,19.758064900675127,17.500000340597968,0.24313045561915914,0.46910198074695714,1.225000023841858
CLW.AX,0.483,0.32,6.696,,0.07576,0.23571,43.459,0.48966998,0.92687076,5023771648.0,9396367360.0,187674000.0,2105485.0,9.026915390298974,13.625000417232513,0.17667381897337953,0.1836075069054045,4.360000133514404
CMW.AX,0.038,0.07,7.467,288700000.0,0.0356,0.09792,80.863,0.15008001,24.48276,3647040768.0,5575211008.0,175200000.0,2645880.0,18.684209961640207,10.142856836318968,0.20021938186527716,0.14820963184062774,0.7099999785423279
CNI.AX,0.046,0.15,7.33,170818000.0,0.04025,-0.02488,46.58,0.28407,4.523227,2196803328.0,4385443840.0,171600992.0,1543616.0,40.217391822649084,12.333333492279053,0.36983904211141966,0.2900367431653604,1.850000023841858
CNU.AX,0.075,0.26,6.562,604000000.0,0.02744,0.06343,314.091,0.40043998,3.9634466,6332099072.0,3422156544.0,570000000.0,618199.0,101.20000203450522,29.192308279184193,0.2367309327868805,0.33396503953948686,7.590000152587891
COE.AX,-0.07,0.01,1.368,38414000.0,-0.0077600004,-0.02562,33.879,0.57552,0.98522174,281052480.0,326546016.0,57782000.0,7871754.0,-2.857142899717603,20.000000298023224,0.03782769596425055,0.5133719882272515,0.20000000298023224
COF.AX,0.043,0.2,10.241,,0.029649999,0.08312,57.695,0.46206,0.64410925,1710374272.0,941114368.0,96030000.0,805310.0,36.74418704454289,7.900000214576721,0.16318390055269058,0.16917542756575987,1.5800000429153442
COG.AX,-0.028,,1.543,51378000.0,0.05212,0.14373,117.175,0.4378,16.704546,495256832.0,274134432.0,208194000.0,37599.0,,,0.21634077593065693,0.4453852698477293,1.4700000286102295
COH.AX,-2.513,4.94,7.682,417500000.0,0.09734,0.1713,15.062,0.48924,8.257387,12661929984.0,13564141568.0,376500000.0,153718.0,-82.06128182280268,41.74493951836095,0.17978787797745646,0.22246431876000408,206.22000122070312
COI.AX,-0.014,-0.01,30255.857,-3473000.0,-0.026129998,-0.17628999,40.883,0.00093000004,2.6086957,181535136.0,154806128.0,-3359000.0,1598680.0,-12.857143368039813,-18.000000715255737,0.14786194948459666,0.9062487811459969,0.18000000715255737
COL.AX,0.786,0.8,0.798,2337999872.0,0.059860002,0.35304,312.932,0.31681,8.155757,31279939584.0,22793058304.0,2689999872.0,3676061.0,21.71755686364404,21.337499618530273,0.14454882567990263,0.19804878043116123,17.06999969482422
CPU.AX,0.432,0.88,6.47,550019008.0,0.03509,0.10182,122.843,0.38903,9.257903,16594702336.0,16795741184.0,494535008.0,2019671.0,64.39814744172273,31.613636016845703,0.157782310123693,0.1760366108851837,27.81999969482422
CQE.AX,0.279,0.2,13.113,,0.03733,0.26843,37.044,0.39888,1.1265279,1774154112.0,1241751552.0,64800000.0,991307.0,12.222222529859097,17.050000429153442,0.2818304066582284,0.13232641262207978,3.4100000858306885
CQR.AX,0.113,0.28,6.749,,0.06981,0.25722,37.492,0.63588,1.081081,3367506176.0,2359786240.0,158200000.0,1291128.0,36.10619401509783,14.571428298950194,0.18003710873853743,0.1135035505512712,4.079999923706055
CRN.AX,-0.263,0.84,0.931,1314349056.0,0.28836,0.82202005,26.501,0.1864,3.4219553,3099389184.0,3344517888.0,903382016.0,5411644.0,-7.585551348929169,2.375000005676633,-0.18547714993735986,0.29496673157956804,1.9950000047683716
CSL.AX,7.574,8.18,12.483,3324900096.0,0.07976,0.19641,66.251,0.33945,16.588741,131839950848.0,142341357568.0,2628699904.0,708203.0,39.25534820758104,36.34718915943995,0.24249646730839283,0.1776789268098281,297.32000732421875
CSR.AX,0.236,,0.961,269900000.0,0.05731,0.26452,17.432,0.40568,2.0094259,2221206784.0,2276446208.0,215300000.0,1995880.0,,,0.28543133037430884,0.3912241578929999,4.690000057220459
CTD.AX,-0.674,0.96,6.565,10727000.0,-0.0020299999,0.00079,4.471,0.29156,2.7480028,2477296128.0,2318482688.0,73915000.0,399430.0,-24.495549301011625,17.197916905085247,0.2842931340541047,0.29883856403100656,16.510000228881836
CTX.AX,,,,,,,,,,,,,,,,,,
CUV.AX,0.446,0.84,12.67,36200820.0,0.17708999,0.18617001,1.001,0.07931,11.66355,838307776.0,924960768.0,39872280.0,148535.0,41.973092630839666,22.28571346827916,0.6271399291609663,1.193046186539039,18.719999313354492
CVC.AX,0.139,,3.922,20075980.0,0.03889,0.06522,48.695,0.0,1.28123,281266816.0,233648000.0,-19282754.0,5904.0,,,0.25682465672093135,0.3362633188181904,
CVN.AX,-0.004,0.0,469.825,-8081000.0,-0.04443,-0.20497,0.163,0.14782,1.0472972,157861040.0,242633904.0,-5620000.0,2233755.0,-38.750000298023224,inf,0.3327273751734795,0.8406359158648017,0.1550000011920929
CVW.AX,0.021,0.04,9.204,-15527000.0,-0.0036700002,-0.01281,8.966,0.15955,0.6693989,959873472.0,327933984.0,329760992.0,179394.0,23.33333378746396,12.250000238418579,0.14842495778978257,0.4353518826957575,0.49000000953674316
CWN.AX,,,,,,,,,,,,,,,,,,
CWP.AX,0.407,0.53,1.582,56256000.0,0.047199998,0.09101,48.149,0.24468,0.84432715,526805120.0,341652064.0,-65836000.0,71234.0,10.2211298462214,7.849056315871904,0.18011569755977613,0.39248487218305583,4.159999847412109
CWY.AX,0.071,0.1,2.363,418100000.0,0.02128,0.030620001,65.562,0.49041,2.1783743,7104731136.0,5708093952.0,466300000.0,6101135.0,38.873239302299396,27.59999990463257,0.21881844052230187,0.25217998369301214,2.759999990463257
DCG.AX,-0.804,,0.106,-46293000.0,-0.13226,-1.23305,142.516,0.20541,0.16879563,40200320.0,28699604.0,5751000.0,111952.0,,,-0.21872835570581078,0.29411374117093136,0.1850000023841858
DCN.AX,-0.053,0.03,0.632,30486000.0,-0.42839,-1.0254,11.302,0.23792,0.3785489,141453408.0,130209608.0,31819000.0,3604010.0,-2.2641508927885092,3.999999910593033,0.19031429900693803,0.9502391063120806,0.11999999731779099
DDR.AX,0.339,0.17,0.733,122555000.0,0.08757,0.45765,187.394,0.03178,10.969116,2107753600.0,1780715392.0,17013000.0,200014.0,30.383481388598415,60.588236416087426,0.6212913771321222,0.45562680165363506,10.300000190734863
DHG.AX,-0.389,0.1,6.334,75991000.0,0.029860001,0.03839,21.921,0.124510005,1.9080603,2259339520.0,1770319872.0,68879000.0,1361540.0,-7.789203011284757,30.299999713897705,0.17305973970705366,0.3939084422009256,3.0299999713897705
DMP.AX,1.904,2.88,2.869,284601984.0,0.060289998,0.40811002,334.949,0.53742003,13.731408,6566915072.0,5887083008.0,190119008.0,609449.0,33.939077072784684,22.437500953674316,0.4036466198220348,0.45920882533058593,64.62000274658203
DNK.AX,-0.026,-0.04,-471.252,-4811693.0,-0.042290002,-0.17021,,0.14681,2.1022727,122002864.0,163540368.0,-2781839.0,512781.0,-14.230769414168138,-9.25000011920929,0.08306775845745101,0.40702198347199714,0.3700000047683716
DOW.AX,-0.265,0.42,0.392,337100000.0,0.01429,0.05249,67.548,0.58787996,1.2988331,4308776960.0,3500359680.0,495400000.0,2205253.0,-19.32075428512861,12.190475917997814,0.18896544483596803,0.3233310790643904,5.119999885559082
DTL.AX,0.157,0.22,0.403,46173000.0,0.038540002,0.51291,41.566,0.17291,21.580645,882542656.0,1032594752.0,-22623000.0,236861.0,42.61146533261439,30.409091169183906,0.38456165153287664,0.5666156129555204,6.690000057220459
DWS.AX,,,,,,,,,,,,,,,,,,
DXS.AX,0.395,0.69,7.587,1282200064.0,0.04257,0.12394,36.49,0.5795,0.67351496,13177163776.0,8109797888.0,560099968.0,4908264.0,19.088607498362094,10.927536176598592,0.16925768805619823,0.15669744600750823,7.539999961853027
ECX.AX,,0.21,2.515,322216000.0,0.04757,0.16795,196.07,0.6751,1.2453532,1666316416.0,626969216.0,374104992.0,750933.0,,9.57142852601551,0.04910724881059895,0.28662655315209384,2.009999990463257
ED1.AX,,,,,,,,,,,,,,,,,,
EGN.AX,0.02,,0.814,10421000.0,0.02864,0.06025,20.861,0.107609995,1.5296053,141497264.0,146705648.0,10557000.0,4418.0,,,0.24988392344999438,0.8036499801595889,
EHE.AX,-0.522,0.12,1.074,101497000.0,0.0001,-0.090679996,29.794,0.4124,0.91695493,721049536.0,554257024.0,55532000.0,199845.0,-4.061302462756862,17.66666571299235,0.0657153031078629,0.39973384401685547,2.119999885559082
EHL.AX,0.102,0.16,0.845,236144992.0,0.07445,0.118240006,53.077,0.58275,0.6932574,637705216.0,394688384.0,221148000.0,,7.156862932093004,4.5625001192092896,0.12166402169519983,0.9977648793175767,0.7300000190734863
ELD.AX,0.793,0.79,0.806,223634000.0,0.06887,0.22933,47.889,0.34563,2.3282263,2388647424.0,1569464192.0,62786000.0,848043.0,12.648171163898096,12.696202193634418,0.4235839645253418,0.6283347656890514,10.029999732971191
ELO.AX,-0.276,-0.27,5.051,-42325000.0,-0.09939,-0.57188,67.608,0.20122999,2.2185116,461559328.0,418614880.0,5416000.0,332949.0,-16.84782643249069,-17.22222257543493,0.17309313321452288,0.3386083558776844,4.650000095367432
EML.AX,-0.103,0.13,1.113,29728000.0,,-0.01127,20.911,0.3686,0.4261863,258667664.0,181120352.0,-41538000.0,4566649.0,-4.70873800296228,3.7307693408085747,0.5396373923378242,0.8556795229875233,0.48500001430511475
ENN.AX,,,,,,,,,,,204447760.0,,43727.0,,,0.27411011002902613,0.30353840843949575,1.690000057220459
EOS.AX,-0.189,,0.769,-41635816.0,-0.07538,-0.35979,28.413,0.13254,0.26766124,129417088.0,92057544.0,-21410096.0,829146.0,,,0.3930890026193722,0.7424568996961416,0.6100000143051147
EQT.AX,0.843,1.29,4.075,42135000.0,0.06849,0.081599995,17.931,0.31773,1.9930849,454440352.0,683812160.0,33594000.0,23864.0,30.771056386782465,20.108527545781097,0.17819889782550868,0.19466814312780883,25.940000534057617
ERA.AX,0.004,-0.07,3.319,-621201024.0,-0.46408,,,0.00995,3.6206896,625481536.0,775189760.0,-59253000.0,126877.0,52.49999836087227,-2.999999906335558,0.08732412805708445,0.5852383782134357,0.20999999344348907
ERF.AX,-0.097,0.07,9.978,9287000.0,0.02339,0.022920001,27.525,0.36321,0.73543453,174097920.0,98339008.0,5903000.0,120661.0,,,0.11921059471603261,0.0662835154586151,
EVN.AX,0.223,0.29,2.4,890472000.0,0.04966,0.11171,57.236,0.57738996,1.7133105,4956053504.0,4600855040.0,776683008.0,15378701.0,11.255605338400255,8.655172380907782,0.24478514397292853,0.5343255176382821,2.509999990463257
EVT.AX,-0.884,0.56,4.035,44452000.0,-0.0073100002,0.05947,144.597,0.43081,2.5747943,3459734016.0,2219668992.0,279907008.0,182848.0,-15.576923594755284,24.58928653172084,0.18572570921127843,0.29365861312740776,13.770000457763672
EWC.AX,0.007,,4.828,68684000.0,0.01324,0.0124699995,72.894,0.00505,0.097087376,704752768.0,104325200.0,62794000.0,1392072.0,,,-0.061579711873720654,0.31736590309391,0.03999999910593033
EXP.AX,-0.079,0.01,3.241,-11467000.0,-0.07519,-0.13729,27.152,0.29354998,1.4930557,180926704.0,161738704.0,3021000.0,791935.0,-2.7215190326111225,21.50000035762787,0.11610861514840078,0.47445449627547437,0.2150000035762787
EZL.AX,0.09,,0.286,,0.14536999,0.22356,2.54,0.019450001,1.3131869,33971708.0,235437728.0,22597734.0,110558.0,,,0.23421403671472865,0.23120683506168666,1.1950000524520874
FAR.AX,-0.01,0.0,,-5587134.0,-0.16961001,-0.46687,1.813,0.05454,45.3125,44768204.0,72348112.0,-22870680.0,180605.0,-72.50000238418579,inf,23.173081406287782,73.2454306954425,0.7250000238418579
FBR.AX,-0.005,,164.555,-18128738.0,-0.17023,-0.33123,17.491,0.19259001,1.3333334,125921472.0,97152400.0,-15341873.0,4295515.0,,,0.3594307424487233,1.2625471319422175,0.03999999910593033
FBU.AX,-0.177,0.51,0.694,888000000.0,0.055120002,0.11707,71.58,0.25528,1.0799631,5899100672.0,3839871488.0,592000000.0,751643.0,-26.553671238786084,9.215685900519876,0.12346872890565386,0.29156202820141663,4.699999809265137
FID.AX,0.344,0.4,2.838,21626000.0,0.18431999,0.29593,12.359,0.09513,5.234375,197352416.0,210899920.0,18679000.0,9731.0,19.4767436315847,16.749999523162842,0.4093442485106724,0.32950218195599124,6.699999809265137
FLC.AX,-0.039,,0.884,-1717000.0,-0.0113,-0.48973,334.423,0.01566,3.2692308,109372952.0,106225184.0,-14132000.0,192880.0,,,0.027735011866069213,1.0408173980898288,0.17000000178813934
FLN.AX,-0.001,0.01,1.518,-4116000.0,-0.02487,-0.12342,69.556,0.0,4.296875,89324800.0,124442176.0,2308000.0,76725.0,-275.0000059604645,27.500000596046448,0.06490956968260132,0.7633218120215346,0.2750000059604645
FLT.AX,-5.429,0.71,3.669,-350496000.0,-0.06848,-0.33133,173.448,0.32355,2.696975,3738924800.0,3149467136.0,-101374000.0,1288669.0,-2.906612586658904,22.225351736579142,0.10288324329545795,0.39952812706440116,15.779999732971191
FMG.AX,2.67,1.71,2.894,10501999616.0,0.20048,0.35331002,35.186,0.19735001,3.9425054,50326990848.0,59116036096.0,6646000128.0,9562126.0,7.19101152170017,11.22807062160202,0.6572953708006879,1.09942064650384,19.200000762939453
FMS.AX,-0.025,,87.405,-2117000.0,-0.01482,-0.03718,1.786,0.0,1.1276596,79713320.0,89489960.0,-3679000.0,9846.0,,,0.2379467966215927,1.175375597581322,0.5299999713897705
FNP.AX,,,,,,,,,,,,,,,,,,
FPH.AX,0.628,,5.809,578499968.0,0.15112,0.23552,6.209,0.36901,9.186647,9769789440.0,11388302336.0,324300000.0,451082.0,,,0.4097093751675752,0.3559566341496439,19.540000915527344
FRI.AX,0.016,,2.566,8087000.0,0.013780001,0.04494,35.099,0.12847,0.7382551,231686576.0,179601200.0,-9709000.0,18240.0,,,0.12060725036659696,0.22234359031982784,0.6600000262260437
FSA.AX,0.154,0.13,10.625,,0.03272,0.21806,532.494,0.0094800005,2.0186915,618911040.0,136848960.0,26192120.0,12763.0,7.01298729165808,8.30769263781034,0.3111190374434234,0.6819140661644497,1.0800000429153442
FWD.AX,-0.004,0.21,0.298,9567000.0,0.00133,-0.24294001,16.622,0.58531,0.6160338,133141632.0,137530112.0,15252000.0,55611.0,-365.00000953674316,6.952381134033203,-0.005709368118866654,0.39913218601224987,1.4600000381469727
FXL.AX,,,,,,,,,,,,,,,,,,
GDF.AX,0.074,0.08,16.548,20496000.0,0.02108,0.38492,60.501,0.03878,1.1329662,558725824.0,327807360.0,17942000.0,55810.0,19.459460232708906,18.000000715255737,0.24878530859244954,0.1812312350637953,1.440000057220459
GDI.AX,0.001,0.09,32.111,11795000.0,0.00716,0.08881,31.736,0.39188,20.54054,1423406976.0,1234886016.0,32098000.0,883340.0,759.9999904632568,8.444444338480633,0.10199101364253611,0.1379171446117095,0.7599999904632568
GEM.AX,-0.251,0.29,1.727,76967000.0,0.029779999,0.03442,82.609,0.66050005,0.9253876,1487235072.0,809257472.0,77797000.0,1218364.0,-3.8047808100027867,3.29310339072655,0.12847858032158468,0.4172852714347474,0.9549999833106995
GLL.AX,-0.082,,,-19676102.0,-0.6268,-1.4176401,2.151,0.0,3.5714288,75496704.0,81229776.0,-14539786.0,141392.0,,,0.3142611687115725,1.073424194217034,0.2750000059604645
GMA.AX,0.052,0.33,3.912,227559008.0,0.03779,0.10776,14.02,0.62668,0.8187481,1026160896.0,1138538624.0,195044992.0,1453490.0,,,0.20134435225395816,0.5091330113068718,
GMG.AX,0.919,1.0,6.89,3619000064.0,0.11797,0.23077999,17.673,0.53816,2.0643766,33139527680.0,34130530304.0,841000000.0,4782054.0,19.749727550087346,18.149999618530273,0.27385319636008876,0.1331113954851731,18.149999618530273
GNC.AX,1.68,0.49,0.327,1052899968.0,0.20215,0.28625,75.996,0.54750997,1.2595888,4035236096.0,1878907776.0,70200000.0,1102914.0,4.886904784611294,16.755102118667292,0.05885381085552187,0.39835013866334024,8.210000038146973
GNE.AX,0.08,0.15,1.423,418000000.0,0.02671,0.10027,62.757,0.070489995,1.3381058,4032440064.0,2535875072.0,261700000.0,20568.0,30.375000834465027,16.200000445048016,0.2380012140690405,0.15688313462823847,2.430000066757202
GNG.AX,0.08,0.16,0.409,53418712.0,0.16169001,0.6102,6.851,0.2587,9.234043,267406096.0,349873440.0,69745296.0,94461.0,27.125000953674316,13.562500476837158,0.38057028825246736,0.5102130567107014,2.1700000762939453
GOR.AX,0.091,-0.01,4.36,138384000.0,0.067379996,0.1003,16.008,0.37105,3.4591196,1489651456.0,1455159680.0,112366000.0,5252396.0,18.131867869869694,-164.9999976158142,0.34558832533006084,0.4911536959448097,1.649999976158142
GOW.AX,0.114,,2.9,17475000.0,0.02945,0.055,49.043,0.09345,0.7908163,234068032.0,149381056.0,-596000.0,7897.0,,,0.13198481046389138,0.20548401694741947,2.7899999618530273
GOZ.AX,0.357,0.27,13.713,231100000.0,0.028080001,0.13623,52.413,0.108669996,0.8527335,4164726528.0,7548921344.0,183400000.0,734591.0,9.13165263435086,12.074074038752803,0.24115532155861594,0.12777948740818404,3.259999990463257
GPT.AX,-0.109,0.33,15.401,454600000.0,0.01699,0.102510005,42.491,0.64517,0.7674418,12582719488.0,8217838080.0,503200000.0,5143284.0,-39.35779781516539,12.999999884403113,0.163194652173173,0.16268606517231743,4.289999961853027
GRR.AX,0.176,0.01,0.742,361680000.0,0.19273001,0.27896,2.665,0.11642,1.2662337,499052256.0,902725184.0,309896000.0,4459261.0,4.43181801926006,77.99999713897705,0.5007835209214586,0.9079069959449184,0.7799999713897705
GTN.AX,-0.034,0.11,0.57,5172000.0,-0.0030500002,0.012619999,14.992,0.92347,0.39525694,85862008.0,85548000.0,11504000.0,55083.0,-11.76470605766072,3.6363636905496772,-0.08938883603518906,0.34073737630572604,0.4000000059604645
GUD.AX,0.23,0.9,2.08,157784000.0,0.06372,0.04423,78.29,0.42903,2.0181634,1687457152.0,1070152000.0,91976000.0,450895.0,34.78260869565217,8.88888888888889,0.15774960703534,0.1778333493966119,8.0
GWA.AX,0.146,0.2,1.752,82242000.0,0.06676,0.117180005,75.47,0.41529,1.9109948,778655936.0,580798976.0,13988000.0,213305.0,15.000000391920953,10.950000286102295,0.1641814622651196,0.3075510067695145,2.190000057220459
GXY.AX,,,,,,,,,,,,,,,,,,
HAS.AX,-0.004,0.0,686.712,-9602598.0,-0.02321,-0.03741,0.209,0.11883,33.5514,225866432.0,6241107456.0,-10006563.0,270136.0,-897.4999785423279,inf,0.42329632944030016,1.3390419427341886,3.5899999141693115
HE8.AX,-0.007,,7778.613,-4544604.0,-0.062080003,-0.09673,1.761,0.00031,5.1176467,213662944.0,154103088.0,-2852982.0,438770.0,,,0.22859772840394063,0.9426634794796912,0.08699999749660492
HFR.AX,-0.074,-0.01,599535.3,-7089247.0,-0.03331,-0.057350002,,0.29419002,2.1994884,271589504.0,313409824.0,-6725871.0,118709.0,-11.621621814933984,-86.00000143051147,0.2250783682203541,0.6274934648162105,0.8600000143051147
HLO.AX,-0.778,0.1,3.304,-20450000.0,-0.04625,-0.10745,6.904,0.094610006,0.98503745,209907696.0,244944240.0,9420000.0,185283.0,-2.030848384209954,15.800000429153442,0.08300769531084146,0.32824324934022603,1.5800000429153442
HLS.AX,-0.119,0.29,1.545,533700000.0,0.07709,0.15560001,92.579,0.67660004,1.0148976,3611002368.0,2037726720.0,586800000.0,2382218.0,-27.47899143635726,11.275862003194876,0.1534935717557659,0.3622830700944744,3.2699999809265137
HPI.AX,0.322,0.22,13.924,57538000.0,0.03165,0.30534,57.376,0.51193,1.0577548,1030040832.0,1858115328.0,63368000.0,205682.0,10.124223572867256,14.818181774832986,0.23315330765271325,0.1792695238223534,3.259999990463257
HRR.AX,,,,,,,,,,,,,,,,,,
HSN.AX,0.192,0.3,3.277,62000000.0,0.066479996,0.13942,32.508,0.24625999,4.0142517,971890048.0,1016631424.0,91231000.0,248577.0,26.40625089406967,16.90000057220459,0.28624688961737915,0.33559851193936796,5.070000171661377
HT1.AX,-0.152,0.19,1.806,46733000.0,0.03119,0.06488,23.664,0.57281,0.68292683,520979648.0,348420768.0,14001000.0,130945.0,-7.368421084002445,5.8947368672019556,0.23274401677970022,0.4421637326283364,1.1200000047683716
HTA.AX,0.061,-0.01,7631.326,,-0.00123,-0.0043099998,2.942,0.0,1.0892857,831814528.0,827922560.0,32643000.0,28136.0,1.0000000112369412,-6.1000000685453415,0.23849817663055242,0.5867057549829998,0.061000000685453415
HUB.AX,0.131,0.62,10.416,,0.037750002,0.04605,10.859,0.44469002,11.544857,1997271296.0,1810316928.0,36931000.0,259946.0,201.37403939516489,42.54838574317194,0.831931860296873,1.3491565201028903,26.3799991607666
HUO.AX,,,,,,,,,,,,,,,,,,
HVN.AX,0.584,0.4,2.426,1100034944.0,0.09252,0.1998,44.344,0.118769996,1.3940209,6809579520.0,5170941440.0,597299968.0,2600576.0,7.106164546862041,10.375000238418579,0.29069984873599986,0.27953669217731286,4.150000095367432
HZN.AX,0.012,0.01,1.429,68375128.0,0.13641,0.23223,1.236,0.28641,1.9117645,154507872.0,410525696.0,56926000.0,1781729.0,10.833332935969034,12.999999523162842,0.11682357113832237,0.8519208508762276,0.12999999523162842
IAG.AX,-0.133,0.31,1.845,680000000.0,0.011849999,0.06495,39.754,0.40674,1.793935,13972939776.0,12103641088.0,899000000.0,6305038.0,-36.91729208580533,15.838709185200353,0.12472487969887465,0.218705046727922,4.909999847412109
IAP.AX,,,,,,,,,,,,,,,,,,
IDX.AX,0.162,0.22,2.182,62219000.0,0.033570003,0.048520003,98.199,0.30887,2.0846395,787610496.0,539437376.0,37100000.0,568062.0,16.41975361623882,12.090909481048584,0.2730680564541713,0.41970068859743764,2.6600000858306885
IEL.AX,0.146,0.62,10.176,168872992.0,0.11921,0.24388,56.309,0.42604,20.093771,8072648704.0,8350080000.0,140634000.0,956022.0,205.47945205479454,48.38709677419355,0.4574511836075372,0.3142961627185036,30.0
IFL.AX,0.195,0.39,1.041,243700000.0,0.01827,0.01128,40.014,0.46299,0.7768129,2235970304.0,2149262592.0,-5500000.0,1856004.0,16.974358680920723,8.487179340460361,0.11040731173500855,0.35611544798920064,3.309999942779541
IFM.AX,0.053,0.07,3.376,10318000.0,0.02846,0.05494,4.267,0.57359004,2.6520681,406661920.0,409580576.0,44838000.0,768214.0,20.566038365633982,15.571429048265728,0.310797335535121,0.5028584155975141,1.090000033378601
IFN.AX,,,,,,,,,,,,,,,,,,
IGL.AX,-0.059,0.24,0.691,66356000.0,0.049850002,0.15021,141.687,0.1244,1.9748229,524586752.0,360207584.0,71676000.0,252597.0,-42.54237271971622,10.458333293596905,0.13653642325666912,0.26278073459457135,2.509999990463257
IGO.AX,0.182,0.66,14.177,526300000.0,0.05212,0.09974,27.579,0.47978002,4.5175805,12799312896.0,12161723392.0,357100000.0,4723100.0,88.24175530737573,24.333332524155125,0.20978911451845017,0.4532831411130401,16.059999465942383
ILU.AX,5.709,0.99,2.032,879500032.0,0.15817,0.30105,1.652,0.72572,3.235198,3539839232.0,4185467648.0,575800000.0,2566765.0,1.7323524861311534,9.98989933668965,0.10920968222955407,0.3108697439100653,9.890000343322754
IMD.AX,0.042,0.12,2.443,96000000.0,0.11027,0.1625,15.751,0.46653998,3.8071065,835070016.0,892017024.0,55535000.0,754457.0,53.57142857142857,18.75,0.2898623143290362,0.7444556423076873,2.25
INA.AX,0.131,0.28,5.768,111796000.0,0.03881,0.07975,32.403,0.40960997,1.4266396,1997326720.0,4211555584.0,114902000.0,920207.0,32.21373885642481,15.071427822113035,0.23381510554735135,0.344377273874828,4.21999979019165
ING.AX,0.132,0.29,1.016,155300000.0,0.024419999,0.21815,1228.824,0.55414003,7.2606387,2756466176.0,1014686400.0,341600000.0,1284559.0,20.68181832631429,9.41379316921892,0.11408193649539182,0.14762175641578873,2.7300000190734863
INR.AX,-0.005,-0.44,,-16552000.0,-0.04077,-0.05173,0.125,0.14253001,7.867647,986302720.0,1097044352.0,-15096000.0,6815625.0,-107.00000524520874,-1.2159091505137356,1.4179414933609165,3.0907612356537904,0.5350000262260437
IPH.AX,0.252,0.4,5.858,107412000.0,0.07452,0.12274,37.565,0.34457,4.6717944,2192907264.0,1990452992.0,94879000.0,640611.0,36.15079228840177,22.774999141693115,0.33471809451264395,0.6206404328291906,9.109999656677246
IPL.AX,0.071,0.22,1.663,1281200000.0,0.06613,0.093210004,32.347,0.42145002,1.4856291,8653721600.0,7730075648.0,673900032.0,9498652.0,56.05633829680967,18.090909177606758,0.0800951567430937,0.24720201126603553,3.9800000190734863
IRE.AX,0.32,0.56,3.571,117642000.0,0.06306,0.12272,96.121,0.70228994,3.012009,2192346880.0,1760378880.0,110043000.0,556465.0,28.999999165534973,16.57142809459141,0.1498231913882768,0.16261341609619065,9.279999732971191
IRI.AX,0.072,0.08,0.883,-6630000.0,-0.03505,0.018129999,5.591,0.06341,0.7949309,55500484.0,59485244.0,16940000.0,148259.0,4.791666650109821,4.312499985098839,0.1914417839194267,0.6450717329380412,0.3449999988079071
ISU.AX,-0.194,0.05,0.721,-13999000.0,-0.052950002,-0.110080004,14.276,0.28843,0.54027504,67152992.0,60244800.0,4836000.0,336778.0,-1.41752580391992,5.5000001192092896,-0.094961816452734,0.3509849762727478,0.2750000059604645
ISX.AX,,,,,,,,,,,,,,,,,,
ITG.AX,,,,,,,,,,,,,,,,,,
IVC.AX,-0.069,,3.129,99259000.0,0.025799999,0.036760002,67.796,0.25666,2.9894965,1742677120.0,1586556288.0,70031000.0,247114.0,,,0.10683641442196913,0.21023090988581308,11.100000381469727
JBH.AX,3.876,3.22,0.561,848000000.0,0.15774,0.42098,47.208,0.61387,3.6584115,5177974272.0,4921587712.0,627400000.0,511598.0,11.052631618314729,13.3043478734745,0.3502184175797301,0.4782684968025067,42.84000015258789
JHC.AX,,,,,,,,,,,,,,,,,,
JHG.AX,4.028,,2.128,694099968.0,0.06428,0.06971,9.036,0.051030003,1.4357634,5076347904.0,6094558208.0,608499968.0,96583.0,,,0.26864143097283344,0.40609633678327106,36.790000915527344
JHX.AX,1.7,2.04,3.644,1021900032.0,0.1319,0.37166,69.065,0.57725,10.048661,15646783488.0,12868621312.0,726700032.0,1394304.0,17.005882263183594,14.171568552652994,0.2986326457753416,0.33975365653636924,28.90999984741211
JIN.AX,0.39,0.63,7.531,47510000.0,0.23199,0.34967998,3.445,0.13529,10.678871,785157568.0,874416192.0,44193000.0,132510.0,35.8974358974359,22.22222222222222,0.4780942605206098,0.6999105577173529,14.0
JLG.AX,0.078,0.17,1.906,77252000.0,0.09526,0.18927999,16.805,0.24833,26.309963,1706084480.0,1883040128.0,25315000.0,997223.0,91.41025787744766,41.941177143770105,0.6958290425276543,0.8482438010853144,7.130000114440918
JMS.AX,0.034,,45.005,2564848.0,0.00294,0.13902001,,0.08329,0.8119658,370490752.0,372208096.0,-476592.0,967504.0,,,0.2177267211243728,0.4728613369441941,0.1899999976158142
KAR.AX,-0.191,0.44,3.507,205854000.0,0.08647,-0.19635999,114.421,0.31660998,2.6255708,1350321152.0,1279230080.0,154246000.0,3659205.0,-12.041884567100965,5.2272726189006455,-0.03482327354346418,0.3679505692437284,2.299999952316284
KGN.AX,0.412,0.35,0.481,-32256000.0,-0.05939,-0.20068,33.326,0.21365999,1.8133616,345617952.0,365556960.0,61839000.0,342784.0,8.300971058965887,9.771428789411273,1.0157481021218995,1.8378318275959917,3.4200000762939453
KMD.AX,0.03,0.18,1.013,85321000.0,0.02387,0.04423,46.501,0.36209,0.91240877,992300288.0,711398976.0,81808000.0,286317.0,33.333333333333336,5.555555555555555,0.17874576225177397,0.48560505486518324,1.0
KSC.AX,0.2,0.08,0.419,55718000.0,0.02033,0.060539998,20.828,0.0,0.9343556,324835200.0,255611856.0,64702000.0,9341.0,9.750000238418579,24.375000596046448,0.05885481300462535,0.15127560695759476,1.9500000476837158
KSL.AX,,0.35,,,0.01989,0.13471,,0.25116,,249634320.0,248199648.0,,235435.0,,,0.13042141438225135,0.37647829696460455,0.8650000095367432
LEP.AX,,,,,,,,,,,,,,,,,,
LIC.AX,0.4,0.65,8.906,38844000.0,0.02582,0.21375,54.119,0.43308,6.50619,1996938496.0,1977991424.0,41732000.0,227064.0,47.30000019073486,29.107692425067608,0.41794717707604756,0.24219545054245334,18.920000076293945
LLC.AX,-0.658,0.71,0.811,87000000.0,-0.00081,-0.018099999,39.67,0.39183998,0.7793611,7265563648.0,16386709504.0,-835000000.0,1788197.0,-12.051671471639244,11.169013842730456,0.1409075433555523,0.3334934135167632,7.929999828338623
LNG.AX,,,,,,,,,,,,,,,,,,
LNK.AX,-0.212,0.25,2.301,130121000.0,0.010319999,-0.0416,77.781,0.43458,0.9517165,2704141568.0,1749285760.0,71294000.0,3023321.0,-16.084906065239096,13.640000343322754,0.01939751508031376,0.14996774734901785,3.4100000858306885
LOV.AX,0.038,0.6,6.046,97544000.0,0.15148,1.06121,355.039,0.1607,44.29348,2773316096.0,2627397120.0,130559000.0,412122.0,643.421072708933,40.75000127156576,0.4536854210936037,0.4502402027905818,24.450000762939453
LVH.AX,-0.035,0.0,7.911,-11782801.0,-0.39963,-0.88952005,4.113,0.23392001,3.2352939,57973060.0,65077096.0,-6106617.0,91117.0,-6.285714251654488,inf,0.48962154755887793,1.2322791927256616,0.2199999988079071
LVT.AX,-0.008,0.0,0.919,-1964300.0,-0.016390001,-0.01449,13.993,0.16633,0.8636364,48535328.0,52361396.0,-883210.0,1682736.0,-7.12500000372529,inf,0.04936608901289877,0.9447250768447357,0.05700000002980232
LYC.AX,0.021,0.48,7.338,531460000.0,0.18539,0.39635,11.574,0.45526,7.943925,6750994944.0,7670502400.0,460072000.0,4755800.0,404.76190476190476,17.708333333333336,0.34723473981970565,0.9401118382114187,8.5
LYL.AX,0.225,0.54,0.842,29527872.0,0.09077,0.28665,16.699,0.22809,3.3109403,192655136.0,274207392.0,40774656.0,20742.0,30.66666709052192,12.777777954384131,0.20954296507201028,0.6069569705957795,6.900000095367432
MAH.AX,0.037,0.03,0.3,211380992.0,0.0429,0.050029997,73.9,0.12636,0.5691057,509532544.0,301698624.0,227907008.0,1399527.0,3.7837837998931474,4.666666686534882,0.08708132760644095,0.5223287736506205,0.14000000059604645
MAQ.AX,0.641,0.64,4.762,62090000.0,0.03036,0.059959996,172.86,0.21193,8.801836,1472917120.0,1154404992.0,97988000.0,17415.0,83.77535220427372,83.9062511920929,0.3453015894147765,0.48514152042807424,53.70000076293945
MCP.AX,0.013,0.09,0.497,3374000.0,0.00317,0.00283,24.32,0.3506,0.7763975,106492768.0,96486000.0,18575000.0,39456.0,57.69230769230769,8.333333333333334,0.14953315303447004,0.4831014385826248,0.75
MEZ.AX,0.077,,3.13,834000000.0,0.03647,0.08392999,21.8,0.11655,2.1961186,11589445632.0,11073403904.0,461000000.0,43027.0,,,-0.35090749856533593,1.7150133264133804,4.300000190734863
MFG.AX,2.206,2.18,2.601,418004992.0,0.21013,0.37993,1.222,0.19372,1.6778075,1430562560.0,1864558464.0,434625984.0,1145899.0,4.551223917431109,4.605504569657351,0.39301478964325864,0.6336281686832712,10.039999961853027
MGR.AX,0.087,0.17,4.771,725000000.0,0.024719998,0.08302,39.376,0.55555,0.81453156,11521269760.0,25193639936.0,896000000.0,9978107.0,24.482759936102507,12.529412437887752,0.19160115597301322,0.1756175034291845,2.130000114440918
MGX.AX,0.098,0.15,2.59,-56833000.0,-0.20142001,-0.27796,2.228,0.58646,0.70616883,364476384.0,526597952.0,20602000.0,1259578.0,4.438775534532508,2.9000000158945722,0.1935922308980706,0.5644698102621342,0.4350000023841858
MHJ.AX,0.053,0.1,0.807,79298000.0,0.08541001,0.2529,66.413,0.20948,2.4390244,480253184.0,465942016.0,111574000.0,152282.0,22.641510333655017,12.000000476837158,0.2182994691972451,0.5700847377072968,1.2000000476837158
MIN.AX,3.386,3.59,4.432,916899968.0,0.058390003,0.107650004,95.555,0.38684,6.078501,15147112448.0,16114571264.0,279800000.0,1174842.0,25.20082747520812,23.768802738455346,0.5148187725432557,0.8528734700908533,85.33000183105469
MLD.AX,-0.068,0.14,0.332,145924992.0,0.03748,0.09514,71.004,0.21367,0.94582593,548254080.0,363922240.0,132470000.0,2011223.0,,,0.16736366204507633,0.6101739776997156,
MLX.AX,0.0,0.12,0.512,139690000.0,0.29578,0.78664,1.149,0.40842,3.5064936,117198176.0,244961824.0,149996000.0,2414411.0,inf,2.250000089406967,0.42826825572441934,1.044866248819078,0.27000001072883606
MMI.AX,-0.008,-0.02,0.522,-33537000.0,-0.44832,-1.9685299,562.392,0.03766,0.20454545,100145008.0,56487780.0,-7126000.0,6186031.0,-2.2499999031424522,-0.8999999612569809,0.08671437907870326,0.833682164410257,0.017999999225139618
MMS.AX,-0.093,1.11,1.816,164077088.0,0.101569995,0.25096,75.094,0.40987,4.1881638,1078873088.0,1067859264.0,119945000.0,284503.0,-148.38709882510605,12.432432604265642,0.10818088720288413,0.26447799996374505,13.800000190734863
MND.AX,0.418,0.65,0.687,80873000.0,0.053969998,0.12945,26.561,0.35132,3.1945102,1243634176.0,1284145664.0,64871000.0,324703.0,32.29665071770335,20.76923076923077,0.0989115187037939,0.4014350583373339,13.5
MNF.AX,,,,,,,,,,,,,,,,,,
MNS.AX,-0.007,-0.01,225614320.0,-27192656.0,-0.09522,-1.16544,382.896,0.00101,11.774194,451228640.0,357172960.0,-47106188.0,4257812.0,-52.14285850524902,-36.500000953674316,0.5457307448497629,0.8977325055101578,0.36500000953674316
MNY.AX,0.141,0.28,3.843,115411000.0,0.09838,0.14637999,115.428,0.27592,1.2270341,721967488.0,396527904.0,-65779000.0,283677.0,13.26241138133597,6.678571445601326,0.3982631173923221,0.4471464691374782,1.8700000047683716
MOC.AX,,,,,,,,,,,,,,,,,,
MOE.AX,,,,,,,,,,,,,,,,,,
MOZ.AX,-1.754,0.24,0.26,13593000.0,0.00364,,,0.36953998,,148308512.0,26098982.0,44574000.0,135717.0,-0.15393387156718133,1.1250000447034836,0.10555004167126598,0.4466366865148219,0.27000001072883606
MP1.AX,-0.443,0.01,8.102,-29151140.0,-0.12925,-0.30059,19.172,0.5505,4.9959316,888988608.0,968818304.0,-9883000.0,1437150.0,-13.860044845339946,613.9999866485596,0.4825619430216616,0.6315673509097623,6.139999866485596
MPL.AX,0.131,,0.638,571200000.0,0.082270004,0.20452999,3.953,0.3743,4.1925926,4529689088.0,7793819648.0,948499968.0,11274728.0,,,0.1490373037231846,0.19535877944659263,2.8299999237060547
MQG.AX,6.208,6.76,7.913,,0.015360001,0.19364001,,0.30148,2.967259,137711828992.0,135078420480.0,32985999360.0,822204.0,28.350515463917525,26.035502958579883,0.3365373631887909,0.22218770577574623,176.0
MRM.AX,-0.52,0.01,1.072,28800000.0,0.0013600001,0.10734,36.663,0.44092,0.88875455,304299520.0,264106080.0,15158000.0,562103.0,-1.4134615659713745,73.50000143051147,-0.2011685446691523,0.3899355375059981,0.7350000143051147
MSB.AX,-0.226,-0.19,71.686,-77911000.0,-0.07159,-0.16941,21.508,0.26449,1.1255656,731980736.0,644161984.0,-65782000.0,972315.0,-4.4026548883556265,-5.23684213035985,-0.06833811935869598,0.33191087061290364,0.9950000047683716
MTO.AX,0.053,0.31,0.541,34332000.0,0.07177,0.15448,60.169,0.35377,1.0692104,247325184.0,148713152.0,15345000.0,30477.0,45.4716997326545,7.774193825260285,0.18396972252953853,0.4020689266316155,2.4100000858306885
MTS.AX,0.227,0.23,0.335,467700000.0,0.05328,0.20752001,121.451,0.52367,3.1339893,5080310784.0,3997343744.0,432300000.0,3029704.0,18.237884874385884,17.99999941950259,0.15722805629265246,0.2815439906467984,4.139999866485596
MVF.AX,0.053,0.07,2.296,33513000.0,0.04917,0.06874,28.615,0.33243,1.4823009,441485088.0,391583168.0,31889000.0,665880.0,18.96226406097412,14.357142789023262,0.0497864922762169,0.3103665650287343,1.0049999952316284
MVP.AX,-0.015,-0.02,4.537,-10923000.0,-0.07874,-0.19756001,4.909,0.23697,1.6813726,101494448.0,122245368.0,-10777000.0,126023.0,-114.33333555857341,-85.75000166893005,0.27077951222632063,0.6613657550207616,1.715000033378601
MWY.AX,-0.182,0.12,0.609,-8574000.0,-0.0299,-0.100200005,37.574,0.0928,0.5913272,123807600.0,78602576.0,-6463000.0,16843.0,-4.945054814055726,7.499999801317851,0.03254225083079883,0.38349625078577393,0.8999999761581421
MYR.AX,-0.188,0.05,0.816,240700000.0,0.04565,0.19826001,657.143,0.2178,2.8100777,2042284928.0,595427264.0,275100000.0,2606469.0,-3.856383105541797,14.500000476837158,-0.01723049986735747,0.3607423277805278,0.7250000238418579
MYS.AX,0.348,0.42,11.32,,0.00438,0.07579,,0.08781999,1.0843372,1598977536.0,436774112.0,-1452968960.0,87493.0,11.89655134047585,9.857142539251418,0.16465728189918766,0.1636132992856511,4.139999866485596
MYX.AX,-0.165,0.02,1.888,3932000.0,-0.03283,-0.41236,74.251,0.18617001,0.62091506,802162432.0,502979360.0,-7206000.0,3697910.0,-1.7272727055983108,14.249999821186066,0.13790671631948595,0.6061138204740761,0.2849999964237213
NAB.AX,0.805,2.08,12.627,,0.00737,0.11112001,,0.29052,1.659611,222497603584.0,101218320384.0,-35746000896.0,5526166.0,38.472048836465206,14.889422746805044,0.17234257291102106,0.2031233313746347,30.969999313354492
NAN.AX,0.019,0.06,9.046,4793000.0,0.00657,0.027290002,8.445,0.40974,9.561201,1088466560.0,1249364992.0,6695000.0,724713.0,217.89472981503135,68.99999777475993,0.36055993116575746,0.48097404838207775,4.139999866485596
NCK.AX,0.756,0.94,2.404,125821000.0,0.14014,0.58773,233.877,0.44819,7.6815186,1060118016.0,754110016.0,122339000.0,202148.0,12.314815369863359,9.904255765549681,0.436454813240931,0.37165474937173826,9.3100004196167
NCM.AX,1.556,1.66,4.084,1936999936.0,0.04275,0.08004,16.202,0.60235,1.5995932,17181845504.0,15443046400.0,1680000000.0,4334590.0,12.133675553191903,11.373493470341327,0.07540665422156416,0.3293118699124825,18.8799991607666
NCZ.AX,-0.009,0.08,0.169,107511424.0,0.08834,-0.35274,19.465,0.06448,16.742424,68940928.0,127132464.0,52390000.0,125684.0,-122.77777989705405,13.812500238418579,0.3261260912470204,2.0077728267389823,1.1050000190734863
NEA.AX,-0.059,-0.02,6.287,-17395000.0,-0.06102,-0.23186001,4.824,0.15722999,6.419355,917571712.0,998239744.0,23219000.0,3389343.0,-33.72881372096175,-99.50000047683716,1.1314747105399616,2.687077558298947,1.9900000095367432
NEC.AX,-0.291,0.19,1.63,602011008.0,0.08461001,0.15642999,41.546,0.43703,1.8451846,4386100224.0,3496049408.0,487228000.0,4228454.0,-7.044673375657334,10.7894734332436,0.19833035288759715,0.3061600353065971,2.049999952316284
NEU.AX,-0.086,0.0,275.935,-7364000.0,-0.17197001,-0.27462,,0.089779995,40.85308,882163136.0,1111686912.0,-9641000.0,489568.0,-100.23255680882654,inf,0.5084265929892521,1.0757580039755734,8.619999885559082
NEW.AX,-0.224,,40.801,,0.00636,0.01204,,0.13802,0.7907348,297917216.0,952146368.0,-1939074.0,1558741.0,,,-0.018428779772588944,0.16005136278585033,0.9900000095367432
NGI.AX,0.108,0.19,2.316,20725000.0,0.0197,0.09871,6.323,0.51227003,0.97165996,194901600.0,243206416.0,89738000.0,303865.0,11.111111552626998,6.315789724651136,0.36800005173615363,0.5766322436763648,1.2000000476837158
NHC.AX,-0.34,0.34,1.851,1564585984.0,0.28853,0.48398,12.46,0.52986,2.8864434,4724980224.0,4802699776.0,1138637056.0,5806661.0,-16.970588179195627,16.970588179195627,0.08868236286418153,0.40698943348123,5.769999980926514
NHF.AX,0.217,0.33,0.801,218900000.0,0.07266,0.18841,42.449,0.15602,5.003474,2351012608.0,3475267072.0,337600000.0,1087490.0,33.17972262334165,21.818181240197383,0.24482070065528372,0.23104199810309148,7.199999809265137
NIC.AX,0.074,,3.003,290954720.0,0.08432,0.1498,20.045,0.23688,2.526738,2619096064.0,2376703232.0,118113944.0,11673542.0,,,0.6344144443031187,0.6243430970230011,0.9449999928474426
NMT.AX,-0.023,,,-19638838.0,-0.086289994,-0.081709996,0.294,0.06447,4.545454,559373888.0,575794752.0,-25077776.0,1595044.0,,,0.9582858193879769,1.8428795736430217,1.0499999523162842
NSR.AX,-0.006,0.09,23.642,156858000.0,0.026519999,0.24226,38.064,0.54148,17.394365,6569467904.0,8809008128.0,165752000.0,2546047.0,-411.66667143503827,27.444444762335884,0.25246566396421166,0.19323578331871477,2.4700000286102295
NST.AX,0.426,0.51,2.654,1444300032.0,0.01875,0.05308,6.226,0.52459997,3.5653713,9913880576.0,11750915072.0,1599200000.0,5932556.0,23.68544636757721,19.78431402468214,0.32621840374979544,0.46687545875692804,10.09000015258789
NUF.AX,-1.446,0.29,0.772,350452000.0,,,44.925,0.62384,1.2531646,2880016896.0,2256950528.0,305679008.0,1422697.0,-4.107883856998934,20.482758818001585,0.05034923145453237,0.3262308645469715,5.940000057220459
NWH.AX,0.16,0.24,0.502,232295008.0,0.057540003,0.17039,47.789,0.23111999,2.3117805,1194058752.0,1172025728.0,288000000.0,1215525.0,16.312499344348907,10.874999562899273,0.8353286668364299,2.5866589327073877,2.609999895095825
NWL.AX,0.213,0.32,16.172,82866000.0,0.38342997,0.56277,14.473,0.17231001,38.559555,2802626560.0,6787753984.0,59605000.0,354277.0,65.35211303424387,43.50000023841858,0.34840873211185586,0.4427891774686269,13.920000076293945
NWS.AX,-1.887,1.51,1.8,1418000000.0,0.036510002,0.08311,45.445,0.15895,1.9513258,18693705728.0,15910413312.0,1354000000.0,229282.0,-14.234234557684983,17.788079874405007,0.10078251147421582,0.21505819578247634,26.860000610351562
NXT.AX,-0.14,0.04,16.658,153304000.0,0.012180001,0.0054400004,66.859,0.48896,2.5765865,4848314880.0,4309800960.0,117176000.0,1768043.0,-67.28571483067103,235.50000190734863,0.24268800401185095,0.33883651114145424,9.420000076293945
OBL.AX,-0.185,0.84,51.429,-54503000.0,-0.03551,0.00863,21.897,0.54381,4.556277,1595585536.0,1115570048.0,-74547000.0,510608.0,-22.756756962956608,5.0119048073178245,0.1609171320996407,0.3456026738820912,4.210000038146973
OCL.AX,0.146,0.12,12.146,27137000.0,0.12282,0.35926,14.876,0.0222,40.48593,1293596288.0,1495976192.0,30540000.0,57408.0,108.42465701168531,131.9166660308838,0.588467238806097,0.5725552237400501,15.829999923706055
OFX.AX,0.06,0.1,3.477,34057000.0,0.05347,0.26638,8.078,0.70028,8.256579,550871040.0,621814848.0,47595000.0,759485.0,41.83333317438762,25.09999990463257,0.0876464008496853,0.3646633357090293,2.509999990463257
OGC.AX,,,,,,,,,,,,,,,,,,
OMH.AX,0.007,,0.886,175313024.0,0.09766,0.26972,54.369,0.02858,1.3468635,742009920.0,539194816.0,102593568.0,85376.0,,,0.6158130424061017,1.6968160892478001,0.7300000190734863
OML.AX,-0.07,0.31,3.047,109647000.0,0.01538,0.0063899998,113.949,0.63936,0.9164223,1614411264.0,748307520.0,186726000.0,1225973.0,-17.857142857142854,4.032258064516129,0.1241293414608555,0.545205992551714,1.25
ONT.AX,,,,,,,,,,,,,,,,,,
OPT.AX,-0.155,-0.31,1527.598,-96526216.0,-0.60806,-1.0129399,,0.2688,1.6581198,303999712.0,340473888.0,-71334952.0,541552.0,-6.2580647007111585,-3.1290323503555793,0.5248602888509807,1.4730573930381818,0.9700000286102295
ORA.AX,0.249,0.2,0.844,350600000.0,0.0709,0.24941999,123.835,0.37050998,3.141994,3453915648.0,2721797376.0,257600000.0,2331036.0,12.530120022325631,15.59999942779541,0.2636279500604471,0.24735765799361176,3.119999885559082
ORE.AX,,,,,,,,,,,,,,,,,,
ORG.AX,-0.287,0.34,0.804,-335000000.0,-0.015140001,-0.14618,34.873,0.32792,1.1405994,11712498688.0,13473256448.0,531000000.0,6459162.0,-26.65505259709907,22.500000280492443,0.06714852595030903,0.34771893197169723,7.650000095367432
ORI.AX,0.424,0.83,1.282,797000000.0,0.03625,-0.091079995,89.401,0.56567,1.9588562,7538014720.0,6189701632.0,322800000.0,1282623.0,35.707547979534795,18.24096426906356,0.026968642188246954,0.18510383648184484,15.140000343322754
OSH.AX,,,,,,,,,,,,,,,,,,
OTW.AX,,,,,,,,,,,,,,,,,,
OVH.AX,,,,,,,,,,,,,,,,,,
OZL.AX,0.652,0.5,4.394,750700032.0,0.06958,0.10182,20.473,0.47320998,2.830617,8867958784.0,9155493888.0,888400000.0,1910994.0,42.08589038965892,54.880001068115234,0.29387781855929934,0.47146560843966967,27.440000534057617
PAC.AX,0.06,0.64,-17.783,-45690000.0,-0.05727,-0.0705,0.2,0.52864,1.0857819,400808672.0,420549824.0,23468000.0,64908.0,137.33332951863608,12.874999642372131,0.23000803560434405,0.4102401122124302,8.239999771118164
PAN.AX,-0.034,0.03,4.123,10804000.0,0.00964,0.03679,44.082,0.27629998,2.0987654,372665664.0,348654688.0,26210000.0,2950099.0,-5.000000052592333,5.666666726271312,0.11090092603492789,0.5972334440201476,0.17000000178813934
PAR.AX,-0.128,-0.19,3320.68,-47897520.0,-0.44222,-0.65098,1.457,0.15630999,3.974359,263077568.0,360074304.0,-32205266.0,716202.0,-12.10937462747097,-8.157894485875179,0.5688119564820079,1.193196349754068,1.5499999523162842
PCG.AX,0.07,0.24,1.382,30872000.0,0.15324001,0.20951,1.758,0.3662,1.7080745,108686464.0,179882992.0,25154000.0,11856.0,23.5714282308306,6.874999900658926,0.14602287170796507,0.3209059929745121,1.649999976158142
PDL.AX,0.386,0.57,2.314,254818000.0,0.110649996,0.15355,6.463,0.29388002,1.6027759,1581160704.0,1855988352.0,251300992.0,2615518.0,12.564766592312353,8.508771762513279,0.3115666476558307,0.5725533673726287,4.849999904632568
PDN.AX,-0.05,-0.01,499.818,-11719000.0,-0.040120002,-0.14522,22.179,0.37879002,11.376812,2349146112.0,2102889472.0,-6794000.0,15292934.0,-15.700000524520874,-78.50000262260437,0.44874951200743585,1.2897956165794864,0.7850000262260437
PET.AX,-0.043,,1.836,-7351500.0,-0.16870001,-0.38653,4.516,0.00158,0.85106385,11433573.0,25000040.0,-7585000.0,2190930.0,,,0.4642340469552157,0.9736056971343366,0.03999999910593033
PFP.AX,0.156,0.16,4.351,29452000.0,0.035099998,-0.0014599999,34.45,0.14421,2.4531333,631931008.0,539963648.0,24277000.0,45242.0,29.358973869910606,28.624999523162842,0.16433752291730996,0.3863801120161682,4.579999923706055
PGC.AX,-0.219,0.04,1.265,18152000.0,0.0242,0.03927,54.164,0.04201,0.98550725,313632544.0,119476336.0,19032000.0,499488.0,-1.5525114318551538,8.500000089406967,0.23043770961315238,0.5116102956448467,0.3400000035762787
PGH.AX,0.3,0.26,0.842,193366000.0,0.03637,0.02846,270.966,0.15991001,0.92340434,1547510016.0,373554656.0,174614000.0,683658.0,3.616666793823242,4.173077069796048,0.06092427820744251,0.2679586241258888,1.0850000381469727
PLS.AX,-0.025,0.21,12.535,790091008.0,0.32764,0.60208,22.597,0.21626,24.773869,14911920128.0,14675623936.0,647606976.0,31577801.0,-197.19999313354492,23.47618965875535,1.3632182792001433,2.063940155740536,4.929999828338623
PME.AX,0.235,0.56,60.184,62234000.0,0.27405,0.48461,2.24,0.12937,85.5,5663917568.0,6069001728.0,61576000.0,173050.0,247.40425272190825,103.82142748151506,0.7605209176816017,0.5618094999141758,58.13999938964844
PMV.AX,1.42,1.38,2.406,385039008.0,0.09924,0.17764999,18.377,0.24882,2.711279,3648889856.0,3993904128.0,355476992.0,252082.0,17.69014143607986,18.20289915886478,0.25799921124745406,0.16072716163803463,25.1200008392334
PNI.AX,0.269,0.52,32.98,10499000.0,0.01316,0.2364,30.249,0.14965001,7.774001,1516959744.0,1825269504.0,-14924000.0,652453.0,34.01486847037276,17.596153112558216,0.6418499838493589,0.41642763022305385,9.149999618530273
PNR.AX,0.004,0.03,3.062,14714048.0,-0.0152,-0.06162,29.29,0.19905001,1.3084112,225130976.0,197330000.0,19737594.0,2820410.0,35.00000014901161,4.666666686534882,0.22363279987183474,0.6797454136450464,0.14000000059604645
PNV.AX,-0.008,0.02,31.391,1924107.0,0.0092,-0.05953,62.063,0.17101,63.333332,1314984576.0,1382300928.0,-2057034.0,2171897.0,-261.24998927116394,104.49999570846558,0.6463233668557014,0.858217344774691,2.0899999141693115
PPC.AX,-0.051,0.1,3.06,52106000.0,0.03385,0.094890006,59.936,0.41146,1.0662824,815886976.0,536463008.0,46196000.0,676004.0,-21.76470616284539,11.100000143051147,0.1012611566345725,0.26362903448091357,1.1100000143051147
PPE.AX,0.244,0.33,0.585,39753828.0,0.07019,0.14319,78.356,0.16176,2.62309,399289984.0,294770208.0,22064720.0,198843.0,12.663934074464391,9.363636103543367,0.3607283845865851,0.3256442426120519,3.0899999141693115
PPG.AX,0.008,0.19,0.218,-3453000.0,-0.02243,-0.32178003,56.947,0.13196,1.8361582,88113672.0,26360880.0,6539000.0,41040.0,40.62499850988388,1.7105262530477423,-0.0483270837146305,0.32488031924820404,0.32499998807907104
PPH.AX,0.027,,6.201,50500000.0,0.155,0.26079,37.805,0.54188997,18.153847,1258019840.0,1363478144.0,61452000.0,565222.0,,,0.2769614289098776,0.9706262352814428,1.1799999475479126
PPS.AX,0.015,0.02,5.776,14995509.0,0.03313,0.04091,11.138,0.040009998,4.444444,366955776.0,426559552.0,10362479.0,1516483.0,55.99999825159709,41.999998688697815,0.4646145397569727,0.5465794744843581,0.8399999737739563
PPT.AX,1.164,2.74,2.039,177900000.0,0.05452,0.11043,35.72,0.30865,1.6241643,1528257920.0,1486112896.0,170800000.0,407996.0,22.542955129826602,9.576642252232906,0.14720382165045767,0.22215565192692108,26.239999771118164
PRN.AX,-0.111,0.14,0.503,372468992.0,0.028900001,0.03243,68.201,0.35546002,0.5656836,1231095424.0,744525056.0,341302016.0,2674097.0,-9.504504031963176,7.535713911056518,0.37341829660530773,1.401266820252974,1.0549999475479126
PRU.AX,0.083,0.2,2.131,531729984.0,0.10054,0.20725,5.27,0.57901,2.767053,2398634752.0,2638308096.0,522908000.0,4570747.0,25.903615606836524,10.750000476837158,0.1513064369560287,0.6111295320447451,2.1500000953674316
PSI.AX,0.079,0.18,7.172,93289000.0,0.05268,0.072399996,51.443,0.018609999,5.1269035,1807196288.0,1654556800.0,69066000.0,113783.0,63.92405304727675,28.055556615193687,0.27384248056445604,0.3169272972088827,5.050000190734863
PSQ.AX,0.079,0.1,2.282,11033000.0,-0.009649999,-0.07545,179.687,0.28606,5.334426,318282624.0,259639904.0,17897000.0,131710.0,20.60126654709442,16.27500057220459,0.1437199044538294,0.26275271404907674,1.627500057220459
PTM.AX,0.287,0.22,3.53,158042000.0,0.26836002,0.30497998,1.624,0.17446,3.1951642,821771776.0,1085356160.0,122660000.0,1265028.0,6.445993114431561,8.409091017462991,0.1318108873733259,0.3635619552320891,1.850000023841858
PVS.AX,-0.104,,0.763,-14677000.0,-0.33431,-0.68188006,9.567,0.46846,0.29957807,18552368.0,27378524.0,-12126000.0,99188.0,,,-0.22350870923769314,0.16885317106191727,0.07100000232458115
PWH.AX,0.162,0.24,9.847,,0.19152,0.29700002,8.825,0.13852,20.288288,995224192.0,1129332992.0,17041000.0,185128.0,69.50617425235701,46.91666762034099,0.2528023095059439,0.40049113723489593,11.260000228881836
QAN.AX,-2.073,0.45,1.632,-87000000.0,-0.04795,-6.79842,,0.17099,14.60199,14864299008.0,11071054848.0,2670000128.0,9876242.0,-2.8316449037911635,13.044444190131292,0.2467756079562861,0.4578831417584043,5.869999885559082
QBE.AX,-1.406,0.64,1.278,804000000.0,0.00937,0.05382,36.133,0.46980998,2.1933472,16425239552.0,18692616192.0,2384999936.0,3818371.0,-9.00426731679382,19.78124976158142,0.09133591227818272,0.21600134863671527,12.65999984741211
QIP.AX,0.082,0.09,1.317,14040000.0,0.050869998,0.09866,58.584,0.1588,1.7066422,167688656.0,126794384.0,16026000.0,51369.0,11.28048795025523,10.277777910232544,0.014558815314386917,0.19433699433584636,0.925000011920929
QUB.AX,0.052,0.11,2.544,382800000.0,0.0219,0.042740002,65.291,0.46146,1.5419501,6316926464.0,5222943744.0,298700000.0,5485984.0,52.30769285788903,24.727272987365723,0.12404445922658791,0.12180125770055154,2.7200000286102295
RBL.AX,0.144,0.07,0.094,-20113000.0,-0.07027,-0.2237,9.259,0.22686,1.3603818,53836516.0,158153920.0,2795000.0,1414545.0,3.9583332836627965,8.14285704067775,0.6910090160673023,1.91068090640678,0.5699999928474426
RCT.AX,-0.008,0.33,2.633,19078000.0,0.093739994,0.64836997,3.796,0.0,8.841808,71579624.0,155877136.0,18757000.0,2147.0,-391.25001430511475,9.484848831639145,0.2381255607083883,0.36798841757643436,3.130000114440918
RDC.AX,,,,,,,,,,,,,,,,,,
REA.AX,1.048,3.66,11.177,569400000.0,0.14082,0.29705998,35.722,0.08823,15.970388,15953874944.0,15818369024.0,487600000.0,189595.0,114.24618640928777,32.71311567129333,0.31461264176202436,0.3383765094147983,119.7300033569336
REG.AX,0.009,0.05,0.98,45692000.0,-0.02032,-0.35117,143.435,0.09449001,3.7571156,710840512.0,595651264.0,114793000.0,108358.0,220.00000211927627,39.60000038146973,0.003565791466791283,0.24171139320824342,1.9800000190734863
REH.AX,0.4,0.61,1.504,707043008.0,0.05619,0.12642999,57.302,0.13293,3.5642378,11507864576.0,9605781504.0,221786000.0,721597.0,37.174999713897705,24.377048992719807,0.3331483039568197,0.3127534050595355,14.869999885559082
REX.AX,-0.15,,1.133,-106295000.0,-0.17795,-0.28259,143.095,0.00091,0.7990459,321302848.0,147606368.0,-7469000.0,34258.0,,,0.1321411588758707,0.44098247217528397,1.340000033378601
RFF.AX,0.217,0.16,16.588,57428000.0,0.02642,0.26716998,49.99,0.34228,1.4821223,1415597440.0,2940336896.0,37594000.0,401117.0,11.843317664713354,16.062499582767487,0.30744480834654814,0.21005610579359152,2.569999933242798
RHC.AX,1.096,2.74,1.831,970700032.0,0.01549,0.08355,236.373,0.23488002,3.906492,24380383232.0,14419565568.0,715500032.0,703528.0,57.481751824817515,22.992700729927005,0.16772484911368768,0.22994911644098026,63.0
RHP.AX,,,,,,,,,,,,,,,,,,
RIC.AX,0.009,0.11,0.72,71650000.0,0.05257,0.14059,35.373,0.33426,2.2700815,755652416.0,623015296.0,46588000.0,694210.0,216.66667196485733,17.727273160761055,0.1153880449194449,0.34123907214650323,1.9500000476837158
RIO.AX,7.731,4.49,2.583,28077000704.0,0.14463,0.32828,22.521,0.39016,3.6082473,155433172992.0,170031759360.0,22158000128.0,1554996.0,13.581684128831975,23.385300668151448,0.16978303536295375,0.22373859690705103,105.0
RMC.AX,0.194,0.28,59.589,,0.00651,0.29218,4311.337,0.63916,1.3953488,15694007296.0,392441248.0,-1585433984.0,188820.0,4.948453497640865,3.428571351936885,0.3325368569930136,0.7334567603294673,0.9599999785423279
RMD.AX,1.00825,0.99,6.024,1124349952.0,0.12728,0.24956,27.302,0.08371,7.324095,21553328128.0,50031165440.0,351147008.0,1147959.0,33.81105891652654,34.434343588472615,0.2753032696318344,0.14319207639078468,34.09000015258789
RMS.AX,0.224,0.14,0.859,267080992.0,-0.00169,0.01828,7.049,0.36271,1.1335188,518604000.0,706110336.0,159432992.0,7788419.0,3.6383928464991704,5.821428554398673,0.4946170023852238,1.121708040620099,0.8149999976158142
RRL.AX,0.374,0.28,1.3,347791008.0,0.0109399995,0.00871,22.236,0.50423,1.0544218,1320742912.0,1403883392.0,346993984.0,3702150.0,4.973262070334531,6.6428571939468375,0.009482357572714602,0.34581925745087044,1.8600000143051147
RSG.AX,0.021,0.18,0.618,-150996992.0,-0.04355,-0.35314998,69.686,0.50098,0.2506596,374018176.0,209746688.0,55323000.0,5647083.0,9.04761893408639,1.055555542310079,0.2030635350670734,1.446466362797029,0.1899999976158142
RUL.AX,-0.001,0.06,4.938,-3031000.0,-0.02299,-0.07594,5.208,0.23897,6.2627983,383424864.0,425960416.0,-3506000.0,246665.0,-1835.0000381469727,30.58333396911621,0.22234914513670323,0.31925171076360864,1.8350000381469727
RWC.AX,0.166,0.28,2.689,245648992.0,0.07037,0.11833999,61.513,0.79627997,1.6156282,3151397120.0,2417690624.0,89282000.0,4292644.0,18.433734595057476,10.928571224212645,0.19736434183420795,0.2217724213042555,3.059999942779541
S32.AX,-0.03,0.32,1.775,4131000064.0,0.14821,0.27051002,16.95,0.41015998,2.0020378,16774615040.0,18298277888.0,3070000128.0,22865716.0,-131.00000222524008,12.281250208616257,0.2922931442202684,0.7202819221061508,3.930000066757202
SAR.AX,,,,,,,,,,,,,,,,,,
SBM.AX,0.18,0.15,0.731,189308000.0,-0.0736,-0.14473,15.482,0.61627,0.3121721,497308064.0,422168576.0,87656000.0,6792806.0,3.305555714501275,3.9666668574015302,1.1256563304220322,3.808916861925921,0.5950000286102295
SCG.AX,-0.719,0.26,12.372,,0.02599,0.05184,79.213,0.60816,0.8039648,29391671296.0,75779547136.0,978099968.0,12982973.0,-4.061196211813554,11.230769524207481,0.1321832520249656,0.18227293223759927,2.9200000762939453
SCP.AX,0.095,0.18,20.484,,0.02948,0.16628,44.252,0.48513,269.0,7111910400.0,8959260672.0,179400000.0,3600043.0,28.31579007600483,14.944444762335884,0.21061239439585278,0.11595476324283015,2.690000057220459
SDA.AX,,,,,,,,,,,,,,,,,,
SDF.AX,0.103,0.22,4.741,362500000.0,0.0545,0.12944001,51.75,0.40998,4.175739,5530189312.0,5249679360.0,247700000.0,2623171.0,52.13592121902022,24.409090388904918,0.2362429462215033,0.189385490846249,5.369999885559082
SDG.AX,0.076,0.51,0.211,89944000.0,0.11327,0.28111,14.138,0.045819998,0.6776062,117305480.0,240277056.0,380523008.0,136253.0,23.092105200416164,3.441176461238487,0.23218477334873605,0.23913855160749048,1.7549999952316284
SEK.AX,-0.345,0.71,7.888,400200000.0,0.05198,0.1263,83.314,0.41216,6.7657514,8807352320.0,7411084800.0,396600000.0,1157162.0,-60.69565372190614,29.492958498672703,0.25013722689662754,0.29466111855660865,20.940000534057617
SFC.AX,2.375,,1.594,38734000.0,0.062030002,0.14243001,28.959,0.16362,1.8579687,271702624.0,247123808.0,20643000.0,1324.0,,,0.3164642640304714,0.2983713629628625,18.0
SFG.AX,-0.012,-0.01,2.304,-57994184.0,-0.48224998,-2.37373,32.984,0.00784,1.4285713,46286860.0,48365996.0,-50107912.0,1023527.0,-0.8333333147068819,-0.9999999776482582,-0.02399281888408299,0.4372444261951084,0.009999999776482582
SFR.AX,0.561,0.59,2.01,445740000.0,0.060370002,0.09316,48.87,0.60695,1.0876335,1855885568.0,2004812032.0,391188000.0,3779272.0,8.716577302113361,8.288135366924738,0.05500974861210138,0.2139353417446598,4.889999866485596
SFX.AX,-0.012,-0.01,1707.656,-2526000.0,-0.01481,0.18365,,0.080170006,2.0848057,141735472.0,204486912.0,-2128000.0,157536.0,-49.166664481163025,-58.99999737739563,0.023786558480755053,0.3194589363067172,0.5899999737739563
SGF.AX,0.144,0.25,2.351,336993984.0,0.05303,0.13081001,276.102,0.08437,1.5565611,2084532096.0,588214208.0,230026000.0,101405.0,11.944444643126594,6.880000114440918,0.21796692706547713,0.3654665827527801,1.7200000286102295
SGH.AX,0.017,0.14,1.226,18362000.0,0.02503,0.010620001,70.584,0.0,0.46617162,191325280.0,78925976.0,-14060000.0,3220.0,33.235293977400836,4.035714268684387,-0.19123760548517862,0.615171983620682,0.5649999976158142
SGM.AX,-0.602,1.46,0.312,512800000.0,0.05965,0.2574,27.653,0.42869,1.3301985,2890433536.0,2515053056.0,547800000.0,796730.0,-21.146178641588584,8.719177768655019,0.1636077490208759,0.35029402297370954,12.729999542236328
SGP.AX,-0.071,0.35,4.188,742000000.0,0.02319,0.14288999,45.324,0.53965,0.9603935,12089326592.0,8856400896.0,918000000.0,6228378.0,-52.25352166404187,10.60000010899135,0.17761344181888958,0.16846125285303634,3.7100000381469727
SGR.AX,-0.129,0.2,2.617,-171900000.0,-0.04022,-0.057490002,38.845,0.52232,0.7529412,3996343296.0,2741800448.0,176200000.0,2755927.0,-22.325582282487737,14.40000057220459,0.08216196162824903,0.264707533809622,2.880000114440918
SHJ.AX,0.129,0.19,1.118,50980000.0,0.052729998,0.118149996,33.374,0.10587,0.78102714,240240400.0,189721888.0,10626000.0,44418.0,8.48837231480798,5.763158045316997,0.15543195380171032,0.4504102182783018,1.0950000286102295
SHL.AX,1.985,1.75,1.875,2416100096.0,0.11107001,0.21754,40.561,0.42325002,2.5940497,17513383936.0,15183200256.0,2225820928.0,1129748.0,15.944584190695352,18.085714067731583,0.21998427767063664,0.15860215529152558,31.649999618530273
SHV.AX,0.259,0.54,4.595,64115500.0,0.020399999,0.049429998,69.643,0.56488,1.1787163,976779776.0,594286976.0,47189000.0,167459.0,19.073359294287485,9.14814825411196,0.4534216999900745,1.095263811409794,4.940000057220459
SIG.AX,0.059,0.03,0.247,31478000.0,0.00837,-0.01293,52.559,0.41688,1.1275415,876301120.0,603086912.0,60784000.0,3099008.0,10.338983293307031,20.333333810170494,0.08763106405449883,0.28102923550587405,0.6100000143051147
SIQ.AX,0.319,0.67,3.061,96606000.0,0.14302,0.25683,30.309,0.40094003,2.337476,691737984.0,652810112.0,64474000.0,746192.0,15.32915318647522,7.298507263411336,0.5253328992840234,1.0071712240039201,4.889999866485596
SKC.AX,-0.019,0.2,4.407,98926000.0,0.00468,-0.02094,41.398,0.49562,1.2711456,2449899264.0,2034623360.0,91121000.0,290735.0,-138.42105865478516,13.15000057220459,0.10129306733605564,0.13888517006025947,2.630000114440918
SKI.AX,,,,,,,,,,,,,,,,,,
SKT.AX,-0.095,0.26,0.371,102373000.0,0.062179998,0.13545999,14.502,0.36975,9.1453,272962336.0,373832352.0,119638000.0,22456.0,-22.42105383622019,8.192308132465069,-0.09151434818468841,0.42089892186607314,2.130000114440918
SLC.AX,-0.106,-0.01,1.34,17462000.0,-0.02888,-0.14512,13.943,0.40398997,0.7440476,332701504.0,362550016.0,-11472000.0,1387736.0,-7.0754716981132075,-75.0,-0.034369927368992303,0.258912252065137,0.75
SLK.AX,,,,,,,,,,,,,,,,,,
SLR.AX,0.323,0.13,1.321,231188000.0,0.04971,0.07967,4.444,0.52857,1.2155261,838065664.0,1053703424.0,249162000.0,4276119.0,3.684210703468913,9.15384659400353,0.29523505847068643,1.0837397764229872,1.190000057220459
SM1.AX,0.272,,0.604,102092000.0,0.021340001,0.05084,51.247,0.16469999,0.70036864,1002921792.0,581428160.0,232920000.0,19512.0,,,0.11751818027448747,0.6017729897588424,2.6600000858306885
SMR.AX,-0.12,,2.729,485175744.0,0.14105,0.38009998,87.576,0.09309,4.4503546,3515493888.0,678746624.0,640887680.0,2309481.0,,,0.41155528783495343,0.8929411028506986,2.509999990463257
SNL.AX,0.275,0.53,2.327,31453000.0,0.14629,0.36861,77.946,0.05069,10.818181,461938752.0,485921024.0,18121000.0,4880.0,43.272725885564626,22.452829468925042,0.36115406320337684,0.37306115430641823,11.899999618530273
SOL.AX,4.056,1.44,3.431,1699238016.0,0.11158,0.07235,6.477,0.078049995,1.5977367,9536054272.0,9884119040.0,1192521984.0,457527.0,6.752958429400502,19.02083290947808,0.1673528611437605,0.2173174944374535,27.389999389648438
SPK.AX,0.205,0.19,2.837,931000000.0,0.09531,0.27637,137.966,0.30099002,6.200257,10554586112.0,9075086336.0,841000000.0,1143504.0,23.56097523759051,25.421052230031865,0.1830268278340615,0.18246694949976477,4.829999923706055
SPL.AX,-0.051,0.0,35.435,-15798000.0,-0.14484,-0.29187,16.922,0.42858002,3.0813951,182914880.0,215540384.0,-13162000.0,586556.0,-10.392156301760206,inf,0.03738097175801904,0.38097009567087753,0.5299999713897705
SRG.AX,-0.067,0.05,0.476,47817000.0,0.039839998,0.08727,24.423,0.31280002,1.34,307685504.0,298683328.0,61117000.0,388830.0,-10.000000249094038,13.40000033378601,0.07714679594642956,0.31037587997940264,0.6700000166893005
SRV.AX,0.078,0.32,2.002,54102000.0,0.03581,0.14265001,156.758,0.24325001,1.6,544468608.0,329180896.0,145583008.0,19411.0,43.58974481240297,10.625000298023224,0.16225098734146615,0.33014334350192426,3.4000000953674316
SSM.AX,0.093,0.08,0.382,35582000.0,0.0049799997,-0.09179,44.086,0.32966998,0.9526854,578096384.0,458884992.0,58547000.0,1618313.0,8.010752739444856,9.312500059604645,0.3344970791291948,0.7766165121309846,0.7450000047683716
SST.AX,,,,,0.040549997,0.093030006,32.63,0.059970003,,325586496.0,,,158.0,,,-0.024853131898084867,0.20352403457004414,10.5
STO.AX,-0.222,0.42,4.613,3803000064.0,0.06252,0.13609,49.452,0.28435,2.1465516,29701185536.0,25300291584.0,3467000064.0,12088188.0,-33.64864770356599,17.785713786170597,0.05503735719160898,0.334216350718682,7.46999979019165
STX.AX,-0.047,0.0,,-10825000.0,-0.04499,-0.1234,15.795,0.05618,7.428571,508461792.0,526528576.0,-9191000.0,3184270.0,-5.531914690707592,inf,0.12298964040205383,0.5436123462022028,0.25999999046325684
SUL.AX,1.06,0.89,0.916,458800000.0,0.08325,0.19177,78.41,0.25396,2.0740018,3253306624.0,2405046784.0,340400000.0,637142.0,10.047169451443654,11.96629170621379,0.18441091841548224,0.33613296339969645,10.649999618530273
SUN.AX,0.567,0.85,2.096,1395000064.0,0.00751,0.0533,191.199,0.34903,1.1526903,31417370624.0,15012314112.0,2484999936.0,3819621.0,20.97001824219181,13.98823569802677,0.1293086135907412,0.18017885107936868,11.890000343322754
SVW.AX,1.292,1.87,1.409,1940899968.0,0.08804,0.10616,156.164,0.13194999,2.0929992,12686664704.0,7374197760.0,512400000.0,533748.0,15.71207371289516,10.855614565273019,0.25090340573705955,0.36521252575247953,20.299999237060547
SWM.AX,0.002,0.11,0.776,335315008.0,0.13581,1.2128501,186.889,0.16138001,,1194275968.0,651949184.0,160232000.0,2850077.0,204.99999821186066,3.727272694761103,0.05455199686798407,0.37950692085395715,0.4099999964237213
SXE.AX,0.039,0.06,0.241,32709000.0,0.04928,0.0884,6.289,0.39723,1.123077,133382696.0,189724816.0,29674000.0,177902.0,18.71794920701247,12.166666984558105,0.0652268090012297,0.3164602880770574,0.7300000190734863
SXL.AX,0.171,0.19,0.878,73242000.0,0.02671,-0.27875,55.117,0.64602,0.44820294,456535360.0,280066816.0,54210000.0,1027734.0,6.198830074734158,5.578947067260742,0.0007549209487065737,0.3642207720662929,1.059999942779541
SXY.AX,,,,,,,,,,,,,,,,,,
SYD.AX,,,,,,,,,,,,,,,,,,
SYR.AX,-0.188,0.38,21.47,-35774000.0,-0.052199997,-0.10775,18.677,0.37770998,3.366762,1499443328.0,1172027264.0,-42150000.0,3034799.0,-12.499999492726428,6.184210275348864,0.12584061489005038,0.5738072648239685,2.3499999046325684
TAH.AX,-0.424,0.21,0.968,148600000.0,-0.00509,-0.02517,11.693,0.43637002,0.33088234,2309126400.0,2303671808.0,737000000.0,13481959.0,-2.441037657125941,4.928571269625709,0.17776670037870326,0.1776634150563689,1.034999966621399
TBR.AX,0.805,,1.902,31792988.0,0.025390001,0.02473,0.289,0.041810002,0.79264426,235963488.0,196755376.0,37815424.0,8747.0,,,0.35087881298657797,0.32701688783712385,3.75
TCL.AX,0.01,0.25,16.886,1678000000.0,0.00983,0.00121,118.203,0.48729,5.3634276,54657622016.0,153949421568.0,982000000.0,5017599.0,1402.0000457763672,56.08000183105469,0.1965838647877071,0.16676311066583932,14.020000457763672
TER.AX,-0.257,,0.984,371952992.0,0.41297,4.2179003,25.637,0.25339,,791384832.0,705558464.0,315646016.0,6809761.0,,,0.20323586713418698,1.3338336646534958,0.9350000023841858
TGN.AX,-0.009,,2191.323,-4677625.0,-0.07417,-0.13394,1.163,0.00061,1.375,45548836.0,60553880.0,-4866765.0,19864.0,,,0.2971394952743199,1.0663624575388313,0.07699999958276749
TGP.AX,0.003,0.05,0.393,30203000.0,0.06125,0.12204,1.185,0.059120003,0.91009986,17239016.0,179578352.0,-4028000.0,149878.0,273.3333309491475,16.399999856948853,0.47969018070291053,0.4689287236368531,0.8199999928474426
TGR.AX,0.266,0.3,2.135,168240000.0,0.04518,0.06743,66.728,0.27011,1.3700787,1650697344.0,1115033728.0,139024992.0,1097268.0,19.624059361622745,17.399999300638836,0.23875855992313239,0.46453358293156505,5.21999979019165
TLS.AX,0.149,0.17,2.795,5452000256.0,0.03719,0.11298,86.559,,3.2345679,59459534848.0,46212083712.0,7248999936.0,22332384.0,26.375839374209413,23.11764745151295,0.10466721010180091,0.23416944802665562,3.930000066757202
TNE.AX,0.196,0.28,11.075,107443000.0,0.16469,0.4421,17.251,0.5173,29.16854,3753825536.0,4194045440.0,124758000.0,639803.0,66.22448746038943,46.357141222272595,0.3149899579162024,0.26337798414707475,12.979999542236328
TPM.AX,,,,,,,,,,,,,,,,,,
TWE.AX,0.236,0.55,4.085,592200000.0,0.0496,0.071329996,44.173,0.40615,2.7409213,10342587392.0,9752166400.0,562000000.0,2018174.0,57.2457636817027,24.563636779785153,0.18875613399490968,0.3417561037118886,13.510000228881836
TZN.AX,-0.003,,,-2438000.0,-0.022219999,-0.16225,73.293,0.01091,2.2857144,84623880.0,67729920.0,-2009000.0,36573.0,,,0.24000760898264614,1.0012157702618334,0.03200000151991844
UMG.AX,0.168,0.26,1.036,103900000.0,0.01937,0.010140001,58.285,0.64658,0.93124455,1347341184.0,960364608.0,76900000.0,823892.0,19.107143084208168,12.34615399287297,0.07424334278193107,0.06803767198601482,3.2100000381469727
UOS.AX,0.066,,9.41,100193000.0,0.02091,0.04759,10.121,0.0,0.52246094,1171964928.0,814772928.0,48622000.0,13500.0,,,0.17161022987559302,0.20175935063414172,0.5350000262260437
URF.AX,-0.282,,17.751,14374760.0,0.00892,0.024230001,106.856,0.16785999,0.45698923,737601984.0,100963176.0,-4048264.0,1230459.0,,,-0.0032927433564475554,0.32082909933386583,0.2549999952316284
URW.AX,-4.0481,,14.737,1398400000.0,0.01474,0.0072899996,115.09,0.15137,0.5786789,38673702912.0,11470937088.0,2096600064.0,435202.0,,,-0.14156413247451785,0.27008920727070423,4.050000190734863
VAH.AX,,,,,,,,,,,,,,,,,,
VCX.AX,-0.581,0.13,10.008,689100032.0,0.02863,0.11704001,38.128,0.57385,0.8862194,11992597504.0,8899707904.0,589500032.0,11738032.0,-3.364888197788889,15.03846186857957,0.12053050758798785,0.1925187520419359,1.9550000429153442
VEA.AX,-0.019,0.16,0.316,1231900032.0,0.07972,0.26091,95.455,0.20076999,2.1484375,6381711360.0,4270694912.0,898600000.0,3466658.0,-144.73684210526315,17.1875,0.03742622911025896,0.2600139106779482,2.75
VHT.AX,-0.085,-0.06,5.972,-14588000.0,-0.11931,-0.25160998,4.776,0.16856001,2.0398774,155935856.0,167221568.0,-11358000.0,110603.0,-7.823529664207907,-11.083333690961203,0.19363196152592702,0.40206554440482434,0.6650000214576721
VOC.AX,,,,,,,,,,,,,,,,,,
VRL.AX,,,,,,,,,,,,,,,,,,
VRT.AX,,,,,,,,,,,,,,,,,,
VTG.AX,0.158,0.08,0.576,-4709000.0,-0.04718,-0.092580006,28.099,0.38786,0.12820514,14191902.0,18216440.0,6837000.0,424796.0,0.6962025278731238,1.3749999925494194,0.400036294994302,0.5262783765894444,0.10999999940395355
VTH.AX,,,,,,,,,,,,,,,,,,
VUK.AX,-0.274,30.15,5.158,,0.0070700003,0.118710004,,0.050419997,0.81972,9211646976.0,4045894144.0,-1534000000.0,3407049.0,-10.255474243720952,0.09320066145205776,0.03131295922542038,0.3469629949439556,2.809999942779541
VVR.AX,,,,,,,,,,,,,,,,,,
WAF.AX,0.101,-0.01,1.319,474900000.0,0.37242,0.55446,13.679,0.54244,5.9840426,1012785408.0,1148366208.0,347912992.0,2855672.0,11.138613861386139,-112.5,0.4082518432611866,0.9835183098467041,1.125
WBC.AX,1.205,1.86,6.081,,0.0057200002,0.07445,,0.30014,1.2175151,126750138368.0,87743217664.0,-14378000384.0,7208863.0,19.86722036021379,12.870968029063235,0.11029134725257911,0.15971322837299812,23.940000534057617
WEB.AX,-1.031,0.88,13.414,-45400000.0,-0.03232,-0.12564,42.413,0.45372,3.217901,1860478080.0,2298280448.0,71500000.0,1980440.0,-5.858389875706138,6.863636320287531,0.17742664301799194,0.4893262042080492,6.039999961853027
WES.AX,1.658,2.16,1.68,3795000064.0,0.07745,0.26582,151.372,0.30006,5.6836143,61890818048.0,54628413440.0,2300999936.0,1836441.0,29.059107542325563,22.30555569684064,0.2316877885765085,0.12069106246536357,48.18000030517578
WGN.AX,0.013,0.09,1.017,33949000.0,0.027209999,0.06527,169.409,0.07335,1.438849,342709920.0,150095216.0,3871000.0,276902.0,61.53846245545608,8.888889021343655,-0.1186597625283876,0.14435782696943106,0.800000011920929
WGX.AX,0.175,0.22,0.333,198723280.0,-0.117410004,-0.18595,7.309,0.60681,0.5759354,215475360.0,334014368.0,179855456.0,1663419.0,4.485714435577393,3.568181937391108,0.17118314910725918,0.7221540093587152,0.7850000262260437
WHA.AX,,,,,,,,,,,,,,,,,,
WHC.AX,-0.092,0.51,1.711,2967375872.0,0.33391,0.56437,5.81,0.23406,2.8701952,8429387264.0,9407349760.0,2529822976.0,13533211.0,-99.02173539866573,17.862744424857343,0.2772649604529687,1.0381602812160002,9.109999656677246
WJA.AX,,,,,,,,,,,,,,,,,,
WOR.AX,0.149,0.77,0.93,594000000.0,0.026819998,0.03142,38.166,0.25434,1.4247311,9026755584.0,7785643008.0,316000000.0,1347917.0,99.59731646032142,19.272727470893365,0.06684962238337486,0.43384145415923153,14.84000015258789
WOW.AX,1.12,1.4,0.908,10005999616.0,0.15574001,0.39703998,274.623,0.26900998,4.709538,55223377920.0,42249625600.0,3377999872.0,2346965.0,31.125000544956748,24.900000435965403,0.10596740370951319,0.1304910467539447,34.86000061035156
WPL.AX,,,,,,,,,,,,,,,,,,
WPP.AX,,,,,,,,,,,,,,,,,,
WSA.AX,,,,,,,,,,,,,,,,,,
WTC.AX,0.451,0.63,28.56,277400000.0,0.104499996,0.16075,2.547,0.2163,17.885271,18055903232.0,18822541312.0,306700000.0,530170.0,127.89357052145405,91.55555603996156,0.6356803160785391,0.49070895193174463,57.68000030517578
XRO.AX,0.231,0.35,10.49,83092000.0,0.0198,-0.010240001,98.756,0.31371,18.57182,11505670144.0,10154234880.0,236371008.0,576614.0,293.2900432900433,193.57142857142858,0.6834306199279222,1.2940075018986719,67.75
YAL.AX,-0.788,0.23,0.885,4681999872.0,0.19211,0.43688,52.067,0.00164,1.3279064,7444851200.0,6892697088.0,4471000064.0,3545254.0,-6.624365215979251,22.695651261702828,0.18451632348316352,1.272269270138234,5.21999979019165
Z1P.AX,,,,,,,,,,,,,,,,,,
ZEL.AX,,,,,,,,,,,,,,,,,,
